-40.0,-0.7451052265632299,-0.6669379000185417,-0.7451125860448681,0.6669379000185405
-39.9,-0.807968941575448,-0.5892267371590607,-0.8079718266807133,0.5892267371590594
-39.8,-0.8627582009191458,-0.5056148952767695,-0.8627567360290255,0.5056148952767681
-39.7,-0.9089261662302106,-0.41695480985622224,-0.9089185587937991,0.41695480985622063
-39.6,-0.94604124839438,-0.32412998681472854,-0.9459936508196282,0.3241299868147269
-39.5,-0.973661312478576,-0.2280669412526298,-0.9736460787378068,0.22806694125262808
-39.4,-0.9915584625589027,-0.12972488694807885,-0.991551357386098,0.12972488694807707
-39.3,-0.9995516372765771,-0.03008728867740337,-0.9995501403636635,0.030087288677401597
-39.2,-0.9975595688491332,0.06985122789454083,-0.9975595688491332,0.06985122789453907
-39.1,-0.9856013076615788,0.169090662767768,-0.9856013076615788,0.16909066276776624
-39.0,-0.9637958337757595,0.2666429530443086,-0.9637958337757595,0.26664295304430685
-38.9,-0.9323464208361463,0.36153000237428473,-0.9323464208361463,0.36153000237428307
-38.8,-0.8916033993555487,0.45280541139816255,-0.8916033993555487,0.452805411398161
-38.7,-0.8419477733905312,0.5395585915514989,-0.8419477733905312,0.5395585915514973
-38.6,-0.7838776185577575,0.6209139313979029,-0.7838776185577575,0.6209139313979014
-38.5,-0.7179742213609351,0.6960690493387615,-0.7179742213609351,0.6960690493387602
-38.4,-0.6448966209655701,0.7642689385448845,-0.6448966209655701,0.7642689385448833
-38.3,-0.5653808621800752,0.824831722917436,-0.5653808621800752,0.824831722917435
-38.2,-0.48020634445822635,0.8771514006148129,-0.48020634445822635,0.877151400614812
-38.1,-0.3902365647378319,0.9207035920641213,-0.3902365647378319,0.9207035920641206
-38.0,-0.2963686229538714,0.9550739874956722,-0.2963686229538714,0.9550739874956716
-37.9,-0.19953970785701042,0.9798905310717686,-0.19953970785701042,0.9798905310717682
-37.8,-0.10071700991329836,0.9949168152880867,-0.10071700991329836,0.9949168152880865
-37.7,-8.881569224854502E-4,1.0000031262641476,-8.881569224854502E-4,1.0000031262641476
-37.6,0.09894957787109217,0.9950993705642343,-0.09894957787109217,0.9950941735585274
-37.5,0.19779880209688505,0.9802557514511896,-0.19779880209688505,0.98024344141468
-37.4,0.29467164394903206,0.9556225240258143,-0.29467164394903206,0.9555989293727599
-37.3,0.38860046148054744,0.9214054347237567,-0.38860046148054744,0.9213951679670731
-37.2,0.4786474442309134,0.878006005830613,-0.4786474442309134,0.8780029355387338
-37.1,0.5639146929239389,0.8258330669812243,-0.5639146929239389,0.8258346706340629
-37.0,0.643538023903668,0.7654073954959226,-0.643538023903668,0.7654132567476112
-36.9,0.7167366590889943,0.697331926073641,-0.7167366590889943,0.6973432932739839
-36.8,0.7827734631050565,0.6222855768372132,-0.7827734631050565,0.622305363852614
-36.7,0.8409880706202314,0.5410162533618091,-0.8409880706202314,0.5410533927464295
-36.6,0.8907977635701121,0.45438933499649636,-0.8907977635701121,0.45438850192177255
-36.5,0.9317029462576958,0.36318863194966383,-0.9317029462576958,0.3631856024856287
-36.4,0.9633206653027517,0.26835999017187273,-0.9633206653027517,0.26835453553609395
-36.3,0.9852993787609168,0.17085144449585243,-0.9852993787609168,0.17084106761145207
-36.2,0.9974338896427902,0.07163808485963016,-0.9974338896427902,0.07162308995700263
-36.1,0.9996034519929455,-0.028330202104332316,-0.9996020443200838,0.028311732534624094
-36.0,0.9917872342303607,-0.12797503270963792,-0.9917802442948419,0.1279633998634282
-35.9,0.9740647240899453,-0.22634392741229328,-0.9740496700325793,0.22633708209304973
-35.8,0.9466152199804518,-0.32245304241538286,-0.9465676698989194,0.3224490579540959
-35.7,0.9096653883815196,-0.4153414410074935,-0.9096576408220834,0.4153395970874456
-35.6,0.8636549925556406,-0.5040380179386889,-0.8636534407301548,0.5040815108080422
-35.5,0.809014350549037,-0.5877579314036628,-0.8090171622708029,0.5877904419824372
-35.4,0.7462888206855932,-0.6655987437453176,-0.7462960902100937,0.6656132972013641
-35.3,0.6761042033339896,-0.736785002195563,-0.6761176473566226,0.7367930048014906
-35.2,0.5991603220950633,-0.8006069638151583,-0.599192363836675,0.8006103625476212
-35.1,0.5162237967125977,-0.8564279331951711,-0.5162649521142864,0.8564270601530234
-35.0,0.42818485863389855,-0.9036907986313957,-0.4281833266243055,0.903684130926961
-34.9,0.33582862972692507,-0.9419552269961751,-0.3358249686923708,0.9419071454351328
-34.8,0.2401179685039386,-0.9707623852684378,-0.2401116077251722,0.9707458539500183
-34.7,0.14200979324289018,-0.9898759488268045,-0.14199873188181394,0.9898680175381389
-34.6,0.04248528843959324,-0.9991025731365962,-0.04246803356412961,0.9991004485128818
-34.5,-0.05750352312263828,-0.9983485803024423,-0.05748747285867753,0.9983485803024427
-34.4,-0.15687840262777003,-0.9876205945717449,-0.15686778738660745,0.9876205945717458
-34.3,-0.2546882271616066,-0.9670252683970051,-0.25468234773204157,0.9670252683970064
-34.2,-0.349954847828809,-0.9367523773891245,-0.3499515168314614,0.9367523773891264
-34.1,-0.4417258204078152,-0.8971439323022443,-0.44172463684988883,0.8971439323022466
-34.0,-0.5290470416320576,-0.8485672004916107,-0.5290859937322172,0.8485672004916136
-33.9,-0.6111337569071371,-0.7915096168480115,-0.6111550832093634,0.7915096168480147
-33.8,-0.687108579926635,-0.7265424357197833,-0.6871209210316112,0.7265424357197868
-33.7,-0.7562144438222719,-0.6543153912603655,-0.7562209724570444,0.6543153912603695
-33.6,-0.8177622144501866,-0.5755569184121033,-0.8177644054676603,0.5755569184121077
-33.5,-0.8711377989817276,-0.49103657936072154,-0.8711354875871776,0.4910365793607262
-33.4,-0.9158084391111079,-0.40161312060752596,-0.915799447092329,0.4016131206075309
-33.3,-0.951354745934733,-0.3081779792995409,-0.9513073767049356,0.30817797929954593
-33.2,-0.9773568200040438,-0.21166392029752817,-0.9773432267805597,0.2116639202975334
-33.1,-0.9935986051539759,-0.11303488074766595,-0.9935925611804508,0.11303488074767123
-33.0,-0.9999157453158675,-0.013276747219620725,-0.9999150877374158,0.013276747219626054
-32.9,-0.9962438287090516,0.0866141576814962,-0.9962438287090516,0.08661415768149443
-32.8,-0.9826187610088044,0.18563972545522073,-0.9826187610088044,0.18563972545521898
-32.7,-0.959176220883965,0.2828104300355064,-0.959176220883965,0.2828104300355047
-32.6,-0.9261375719840533,0.37715558115695863,-0.9261375719840533,0.377155581156957
-32.5,-0.8838647854084032,0.46773311996270056,-0.8838647854084032,0.467733119962699
-32.4,-0.8327571211950107,0.5536396598821314,-0.8327571211950107,0.5536396598821299
-32.3,-0.773326986850808,0.6340061963749469,-0.773326986850808,0.6340061963749455
-32.2,-0.7061691502616307,0.7080425479743329,-0.7061691502616307,0.7080425479743315
-32.1,-0.6319551229917125,0.7750039815403598,-0.6319551229917125,0.7750039815403587
-32.0,-0.5514312603991587,0.834220938603881,-0.5514312603991587,0.8342209386038799
-31.9,-0.4653897081421309,0.8851007650252434,-0.4653897081421309,0.8851007650252427
-31.8,-0.37470050775638103,0.927133302912339,-0.37470050775638103,0.9271333029123399
-31.7,-0.28026819935578423,0.959922139981513,-0.28026819935578423,0.9599221399815134
-31.6,-0.18303573040063842,0.9831071641502486,-0.18303573040063842,0.9831071641502481
-31.5,-0.08397442069397774,0.9964698450592631,-0.08397442069397774,0.9964698450592627
-31.4,0.015925862591561264,0.9998771324850011,-0.015925862591561264,0.9998763433218442
-31.3,0.11566688051811741,0.9932957756417954,-0.11566688051811741,0.9932895686985843
-31.2,0.21425254463529347,0.9767928430332146,-0.21425254463529347,0.9767790000648003
-31.1,0.3106973473344727,0.9505353253599318,-0.3106973473344727,0.9504879530781019
-31.0,0.40403807155184485,0.9147411737184462,-0.40403807155184485,0.9147324087562727
-30.9,0.49334291840224354,0.869833759857769,-0.49334291840224354,0.8698315855141598
-30.8,0.5777216816540927,0.8162344195782797,-0.5777216816540927,0.8162367200057715
-30.7,0.6563166206490427,0.7544781400106431,-0.6563166206490427,0.7544847966083881
-30.6,0.7283603288247034,0.6851810869842959,-0.7283603288247034,0.6851936170723955
-30.5,0.7931259987316653,0.6090342896162914,-0.7931259987316653,0.609066163656318
-30.4,0.8499658986335803,0.5267965107643565,-0.8499658986335803,0.526835830234598
-30.3,0.898310930286779,0.439347391974097,-0.898310930286779,0.43934614545258543
-30.2,0.9376759430365781,0.3474718008561115,-0.9376759430365781,0.3474684125573941
-30.1,0.9676966398073303,0.2521253836592037,-0.9676966398073303,0.2521194217752398
-30.0,0.9880327583936728,0.15426138832924943,-0.9880327583936728,0.1542507078868834
-29.9,0.998497429106084,0.054858514412847864,-0.998497429106084,0.0548422582056873
-29.8,0.998986638228182,-0.045131925742602295,-0.9989843779612481,0.045114889384474895
-29.7,0.9894964194591286,-0.14463170479886878,-0.9894883061796361,0.1446207348836103
-29.6,0.9701231033976205,-0.24268892757044003,-0.9701062841863797,0.24268265398642172
-29.5,0.9410626583953909,-0.33832292850066265,-0.941014438723604,0.3383193265109533
-29.4,0.9025531775700916,-0.43057756201423936,-0.9025467026551995,0.43057608992447277
-29.3,0.8550571014742603,-0.5184915117228363,-0.8550563519482927,0.51853225816805
-29.2,0.7990166050712992,-0.6012796716604518,-0.799020114237678,0.6013116582036744
-29.1,0.7349909857491801,-0.6780540814030972,-0.7349991296337499,0.6780673256948695
-29.0,0.6636189621682934,-0.7480497911493198,-0.663633731177686,0.7480569274991622
-28.9,0.5856121162395258,-0.8105688487305815,-0.5856447464002187,0.8105715510664592
-28.8,0.5017475348433122,-0.8649875059035818,-0.5017914931873589,0.8649858233736261
-28.7,0.4129299513183444,-0.9107626151094833,-0.412928050382241,0.9107546559381928
-28.6,0.3199440854023592,-0.9474657620408433,-0.3199400388571112,0.9474182725643425
-28.5,0.2237625855951202,-0.9746607106406406,-0.22375564609597212,0.9746459217152127
-28.4,0.1253471190407977,-0.9921226376896904,-0.12533536503275,0.9921158182068028
-28.3,0.025682005338992325,-0.999674875059184,-0.025663299767746728,0.9996736001943876
-28.2,-0.07428023283811291,-0.9972405902801261,-0.07426542667417871,0.9972405902801262
-28.1,-0.17346116903179382,-0.9848432713759463,-0.17345081429301923,0.9848432713759465
-28.0,-0.27091118955140236,-0.9626062973724299,-0.27090581148564236,0.9626062973724305
-27.9,-0.3656557980438334,-0.9307377284795155,-0.36565282423955037,0.9307377284795162
-27.8,-0.45674780532730735,-0.8895909217949572,-0.45674704071185973,0.8895909217949565
-27.7,-0.5432429117342503,-0.8395517289046638,-0.5432797405244143,0.8395517289046627
-27.6,-0.6243575460397931,-0.7811220100972861,-0.6243770562906104,0.7811220100972871
-27.5,-0.6992285657381064,-0.7148866154149794,-0.6992397573545276,0.7148866154149808
-27.4,-0.7671097961123362,-0.641507884442533,-0.7671155354534024,0.6415078844425344
-27.3,-0.8273242454481222,-0.5617245787011995,-0.8273257385451209,0.5617245787011981
-27.2,-0.8792710798342541,-0.47631951811693163,-0.87926786236932,0.4763195181169301
-27.1,-0.9224317747125914,-0.3861579128757393,-0.922421257648409,0.3861579128757409
-27.0,-0.956399502760718,-0.29213884862045403,-0.9563762852254353,0.2921388486204557
-26.9,-0.9807761448816029,-0.195201057238356,-0.9807640654870201,0.19520105723835776
-26.8,-0.9953579153048036,-0.09631284726104798,-0.9953528724452942,0.0963128472610462
-26.7,-0.9999971989069858,0.003537548134902511,-0.9999971989069858,0.0035375481349042876
-26.6,-0.9946464505370909,0.1033525679757206,-0.9946464505370909,0.10335256797571883
-26.5,-0.9793584158076833,0.20213512325684957,-0.9793584158076833,0.20213512325684782
-26.4,-0.9542854301553044,0.29889795340810527,-0.9542854301553044,0.2988979534081036
-26.3,-0.9196666956319242,0.39267454822906406,-0.9196666956319242,0.3926745482290657
-26.2,-0.8758761800258179,0.4825286521213184,-0.8758761800258179,0.48252865212131996
-26.1,-0.823330975697776,0.567564363241992,-0.823330975697776,0.5675643632419904
-26.0,-0.7625576908359711,0.6469192064855457,-0.7625576908359711,0.6469192064855444
-25.9,-0.6941644156762511,0.719815853218817,-0.6941644156762511,0.7198158532188158
-25.8,-0.6188349501537349,0.7855198855942137,-0.6188349501537349,0.7855198855942148
-25.7,-0.5373259143537905,0.8433742461743869,-0.5373259143537905,0.8433742461743879
-25.6,-0.45044155623176485,0.8927997868530526,-0.45044155623176485,0.8927997868530518
-25.5,-0.35905853249058356,0.9333007018523283,-0.35905853249058356,0.9333007018523277
-25.4,-0.2640885406891439,0.9644989038774122,-0.2640885406891439,0.9644989038774116
-25.3,-0.1664789134179223,0.9860458608477979,-0.1664789134179223,0.9860458608477982
-25.2,-0.06720806105671172,0.9977411733381373,-0.06720806105671172,0.9977411733381375
-25.1,0.03273537901731186,0.9994684959164588,-0.03273537901731186,0.9994668655809023
-25.0,0.13235140680415555,0.9912114351033524,-0.13235140680415555,0.991204156597499
-24.9,0.23064571326165,0.9730539133378974,-0.23064571326165,0.9730384086881246
-24.8,0.32663521556867886,0.9451796206196377,-0.32663521556867886,0.9451319419887068
-24.7,0.41936147846412075,0.9078182769821702,-0.41936147846412075,0.9078108759703831
-24.6,0.5078989973720496,0.8614155650409859,-0.5078989973720496,0.8614142288073865
-24.5,0.591365541839424,0.8064049617345821,-0.591365541839424,0.8064079563820618
-24.4,0.668909653393987,0.7433355096540564,-0.668909653393987,0.7433430043277716
-24.3,0.7397780577348179,0.6728364270968257,-0.7397780577348179,0.6728502101266091
-24.2,0.8032542656670786,0.5956106524866296,-0.8032542656670786,0.5956428094898806
-24.1,0.8587033554225042,0.5124275826202795,-0.8587033554225042,0.5124694409959709
-24.0,0.9055699990546433,0.42418125074571583,-0.9055699990546433,0.42417961984764835
-23.9,0.9433836127038967,0.33165675778760845,-0.9433836127038967,0.33165299715553637
-23.8,0.9717990293465418,0.23581953834254213,-0.9717990293465418,0.235813029540067
-23.7,0.9904868120960532,0.13762778662686273,-0.9904868120960532,0.13761656122316807
-23.6,0.9992786991170566,0.03806353885767974,-0.9992786991170566,0.038045912904700406
-23.5,0.9980874423060281,-0.06192099862852083,-0.9980843064318323,0.06190528639453631
-23.4,0.9869259476439463,-0.16124755688123552,-0.9869166317459979,0.1612370366745385
-23.3,0.9659073698678721,-0.2589653588329076,-0.9658886327358027,0.2589596149861725
-23.2,0.9352090866993765,-0.3540971905346094,-0.9351949238860339,0.35409395456358506
-23.1,0.8951857745576104,-0.445691965116337,-0.8951804613851737,0.445690888446742
-23.0,0.8462174354888631,-0.5327981576351352,-0.846217448401571,0.5328365159367602
-22.9,0.7887929110114806,-0.6146312474503376,-0.78879712875304,0.6146520818406601
-22.8,0.7234852760008682,-0.6903176086139741,-0.7234943500911246,0.6903296389225029
-22.7,0.6509459818848665,-0.7591030196690992,-0.6509621817146989,0.7591093368331482
-22.6,0.5718981607286024,-0.8203015230756835,-0.5719317774083036,0.8203035311013478
-22.5,0.48717602128548276,-0.8733024987193855,-0.4871762588675225,0.8732999550699887
-22.4,0.39755831733199565,-0.9175769199580215,-0.39755606114611064,0.9175675408452231
-22.3,0.3039691159672643,-0.9527086700596601,-0.3039646619290181,0.9526612783007203
-22.2,0.20734398895572365,-0.9782836248002676,-0.20733642404367214,0.9782704417788584
-22.1,0.10864908337150489,-0.9940889171959068,-0.10863646811281671,0.9940831421500338
-22.0,0.008871579781683242,-0.9999645941899471,-0.008851309289951956,0.9999641560628618
-21.9,-0.09103603811672586,-0.9958506825293625,-0.09102236378162729,0.9958506825293627
-21.8,-0.18999495602923916,-0.9817875219156604,-0.18998667764447788,0.9817875219156602
-21.7,-0.28705759818171633,-0.9579151794029294,-0.2870526864725161,0.9579151794029289
-21.6,-0.3812533927547262,-0.9244597376378543,-0.3812507690119677,0.9244597376378548
-21.5,-0.47164067091290884,-0.8817862927404474,-0.4716403664379956,0.8817862927404482
-21.4,-0.5572849660417967,-0.8302988384035358,-0.5573200347832652,0.8302988384035368
-21.3,-0.6374046661545099,-0.7705135327484497,-0.6374224974097132,0.7705135327484486
-21.2,-0.7111507678841297,-0.7030286657726004,-0.711160890176637,0.7030286657725991
-21.1,-0.7777882079031451,-0.6285190014075496,-0.7777931920567109,0.6285190014075511
-21.0,-0.836652334238041,-0.5477336022596614,-0.8366531172949798,0.5477336022596629
-20.9,-0.8871557459229398,-0.46146785956844805,-0.8871515514378489,0.4614678595684496
-20.8,-0.9287943016252254,-0.370593550932811,-0.9287821016965575,0.3705935509328094
-20.7,-0.9611740745094336,-0.27601712775748144,-0.961153136555737,0.2760171277574798
-20.6,-0.9839183087149744,-0.17868144692953408,-0.9839076291231802,0.17868144692953583
-20.5,-0.996835888272475,-0.07956354057180623,-0.996831796009405,0.07956354057180799
-20.4,-0.9997959705375044,0.020350843302585072,-0.9997959705375044,0.020350843302583296
-20.3,-0.9927678833019606,0.12006170469363273,-0.9927678833019606,0.12006170469363449
-20.2,-0.9758211923327011,0.2185733727867457,-0.9758211923327011,0.21857337278674743
-20.1,-0.9491042459778233,0.3149009762912357,-0.9491042459778233,0.31490097629123404
-20.0,-0.9129356387213503,0.4080825207975378,-0.9129356387213503,0.4080825207975362
-19.9,-0.8676398520414252,0.4971878366995747,-0.8676398520414252,0.49718783669957317
-19.8,-0.813672007628697,0.581328789616097,-0.813672007628697,0.5813287896160985
-19.7,-0.7515727782674622,0.6596493101235099,-0.7515727782674622,0.6596493101235112
-19.6,-0.6819634131107821,0.7313856347667825,-0.6819634131107821,0.7313856347667814
-19.5,-0.6055495857661152,0.7958136741729215,-0.6055495857661152,0.7958136741729203
-19.4,-0.5230687902281482,0.8522890513206193,-0.5230687902281482,0.8522890513206183
-19.3,-0.4353661048173601,0.9002462779751667,-0.4353661048173601,0.9002462779751673
-19.2,-0.3433150573959109,0.9392040259377024,-0.3433150573959109,0.9392040259377029
-19.1,-0.24783422023381993,0.9688029861420219,-0.24783422023381993,0.9688029861420214
-19.0,-0.14987656777353056,0.9887057920087615,-0.14987656777353056,0.9887057920087614
-18.9,-0.050422685085092206,0.9987304436323967,-0.050422685085092206,0.9987304436323968
-18.8,0.04953563838795501,0.9987773370370793,-0.04953563838795501,0.9987748488930005
-18.7,0.14899840264561817,0.9888469462925107,-0.14899840264561817,0.9888385245965255
-18.6,0.24697367368665074,0.9690400321849282,-0.24697367368665074,0.9690227235765456
-18.5,0.3424807447829672,0.9395569436370425,-0.3424807447829672,0.939508466097027
-18.4,0.43456635631014867,0.9006387004961193,-0.43456635631014867,0.9006325415201274
-18.3,0.5223115807354104,0.8527537992966123,-0.5223115807354104,0.8527532539137125
-18.2,0.6048424461181306,0.7963474691000426,-0.6048424461181306,0.7963511633738795
-18.1,0.6813135607896857,0.7319826494346838,-0.6813135607896857,0.7319910324261424
-18.0,0.7509866156414213,0.6603014284389874,-0.7509866156414213,0.6603165633983734
-17.9,0.8131553962511906,0.582018448417218,-0.8131553962511906,0.582051300327818
-17.8,0.8671979630349733,0.4979135132579445,-0.8671979630349733,0.49795826911102936
-17.7,0.9125729041879298,0.40889520065117774,-0.9125729041879298,0.40889320520984723
-17.6,0.9488243192908536,0.31574797634595014,-0.9488243192908536,0.3157438248645052
-17.5,0.97562667518002,0.21944706777174475,-0.97562667518002,0.2194399683557491
-17.4,0.9926608480394337,0.12095534733615579,-0.9926608480394337,0.12094338170389796
-17.3,0.9997774822293074,0.021257914266080306,-0.9997774822293074,0.021238808137619688
-17.2,0.9969061241719224,-0.07869266656683963,-0.9969020808923091,0.07867816948122351
-17.1,0.9840765547485799,-0.17781788617235103,-0.9840659461551926,0.17780755115262456
-17.0,0.9614187298787199,-0.2751686160656181,-0.9613979070557331,0.2751633639760489
-16.9,0.9291230857719927,-0.3697713665129989,-0.9291107922162803,0.3697684853000291
-16.8,0.8875652607944036,-0.4606803756470473,-0.8875610125023387,0.46067972768743104
-16.7,0.8371384913600229,-0.5469539284670947,-0.8371392364128876,0.5469902585333036
-16.6,0.778346154999694,-0.6278088958348459,-0.7783511000708061,0.6278279513267857
-16.5,0.7117749383851282,-0.7023858660512419,-0.7117850062671807,0.7023967687833177
-16.4,2.44955592153876,-0.7699415678611101,-0.6381065824606749,0.7699471054295673
-16.3,0.5580223190995766,-0.8298022384557255,-0.5580573051036204,0.8298035461876427
-16.2,0.47242364588187374,-0.8813705628331859,-0.4724233670770378,0.8813670955733578
-16.1,0.3820743043144333,-0.9241317878519718,-0.38207169897690363,0.9241208438909612
-16.0,0.28790824053893804,-0.957682449689772,-0.28790335256697036,0.9576598509882749
-15.9,0.19086682445416178,-0.9816300911239756,-0.19085858328420677,0.9816183907201681
-15.8,0.09192041303873184,-0.995774223645569,-0.09190679520558835,0.9957694355033215
-15.7,-0.007983540243433325,-0.9999716438442882,-0.007963183785669877,0.9999716438442882
-15.6,-0.10776619497351712,-0.9941792471778148,-0.10775353009743667,0.9941792471778148
-15.5,-0.20647508459700045,-0.9784542085080453,-0.20646748527371156,0.9784542085080453
-15.4,-0.303122885063278,-0.9529307311990207,-0.3031184088039974,0.9529307311990207
-15.3,-0.39674322016595176,-0.9179201984041455,-0.3967409454480244,0.9179201984041455
-15.2,-0.48640020530618583,-0.8737322626851419,-0.4864004140563946,0.8737322626851419
-15.1,-0.5711692502580175,-0.8208111511824706,-0.5712029298065001,0.8208111511824706
-15.0,-0.6502714390638671,-0.7596871873499498,-0.6502877175949318,0.7596871873499498
-14.9,-0.7228718226246084,-0.6909719409421174,-0.7228809475478453,0.6909719409421174
-14.8,-0.7882466646504609,-0.61535241516853,-0.7882509202743221,0.61535241516853
-14.7,-0.8457438463980288,-0.5335879210011035,-0.8457438986588831,0.5335879210011035
-14.6,-0.8947895698321491,-0.4464857914247787,-0.8947843152112475,0.4464857914247787
-14.5,-0.9348942220799848,-0.3549244307432868,-0.9348801627648927,0.3549244307432868
-14.4,-0.9656770944626634,-0.2598173733893898,-0.9656582514964515,0.2598173733893898
-14.3,-0.9867824123233184,-0.16211348313844973,-0.9867730304952885,0.16211348313844973
-14.2,-0.9980320994281517,-0.06279171476354145,-0.9980289164978992,0.06279171476354145
-14.1,-0.9993121129855648,0.037158384199824375,-0.9993121129855648,0.037158384199824375
-14.0,-0.9906086557045904,0.1367368137516495,-0.9906086557045904,0.1367368137516495
-13.9,-0.972008089281192,0.23494982690758395,-0.972008089281192,0.23494982690758395
-13.8,-0.9436776845475506,0.33081497607837346,-0.9436776845475506,0.33081497607837346
-13.7,-0.9059463203096086,0.4233751483274675,-0.9059463203096086,0.4233751483274675
-13.6,-0.8591581394036323,0.5117065427750239,-0.8591581394036323,0.5117065427750239
-13.5,-0.8037829529783659,0.5949290752353213,-0.8037829529783659,0.5949290752353213
-13.4,-0.7403753575329488,0.6721929072802535,-0.7403753575329488,0.6721929072802535
-13.3,-0.6695695933840892,0.7427486196310312,-0.6695695933840892,0.7427486196310312
-13.2,-0.592081605610542,0.8058824331394371,-0.592081605610542,0.8058824331394371
-13.1,-0.5086638995521982,0.8609628264867234,-0.5086638995521982,0.8609628264867234
-13.0,-0.4201676073411052,0.9074381205747905,-0.4201676073411052,0.9074381205747905
-12.9,-0.32747453028593526,0.9448415852000007,-0.32747453028593526,0.9448415852000007
-12.8,-0.23150983263392486,0.9728331709300754,-0.23150983263392486,0.9728331709300754
-12.7,-0.13323168648890923,0.991086207462431,-0.13323168648890923,0.991086207462431
-12.6,-0.03362304686270935,0.9994373794709375,-0.03362304686270935,0.9994373794709375
-12.5,0.0663218866198988,0.9978038566348884,-0.0663218866198988,0.9978004853731048
-12.4,0.16560311395891522,0.9862029864192228,-0.16560311395891522,0.9861933394646263
-12.3,0.2632318102259762,0.9647523481153013,-0.2632318102259762,0.9647330789203762
-12.2,0.35822945770747794,0.9336327906438757,-0.35822945770747794,0.933619138153724
-12.1,0.44964841377536924,0.893204472697158,-0.44964841377536924,0.8931994486484377
-12.0,0.5365766106739027,0.8438509092273587,-0.5365766106739027,0.8438511174023292
-11.9,0.6181370411275063,0.7860647815261999,-0.6181370411275063,0.7860691885779254
-11.8,0.6935248348172639,0.7204227633961905,-0.6935248348172639,0.7204320925716312
-11.7,0.7619828312378194,0.6475796262624479,-0.7619828312378194,0.6475962214892653
-11.6,0.8228265865707257,0.56826150718399,-0.8228265865707257,0.5682954476925294
-11.5,0.8754473113957676,0.48330630594392304,-0.8754473113957676,0.48330640167155975
-11.4,0.9193176511821103,0.39349356504480704,-0.9193176511821103,0.39349121665951775
-11.3,0.9540195829907895,0.2997499568038198,-0.9540195829907895,0.29974539129234207
-11.2,0.9791784963635097,0.20301260458122558,-0.9791784963635097,0.20300486677721322
-11.1,0.9945542537605844,0.10424878974463367,-0.9945542537605844,0.10423592341266325
-11.0,0.9999936411786472,0.0044464002363177315,-0.9999936411786472,0.0044256979880370655
-10.9,0.995443024025911,-0.09544218075670295,-0.9954380325584045,0.09542878456094635
-10.8,0.9809490563396608,-0.19433800308774454,-0.9809370536274434,0.19432990862564084
-10.7,0.9566584680685195,-0.2912941150490246,-0.9566353758310612,0.2912893207792689
-10.6,0.9227743854855441,-0.38534102288202887,-0.9227637836380849,0.38533849084163835
-10.5,0.8796937891614668,-0.47553855466366246,-0.8796905219681803,0.4755383796068638
-10.4,0.8278228332975037,-0.5609548385518026,-0.8278242892673664,0.5609895052978144
-10.3,0.7676792864277692,-0.6408089022683937,-0.7676849850917292,0.6408263130218483
-10.2,0.6998632772494284,-0.7142554490569362,-0.699874410451815,0.7142653021886698
-10.1,0.6250511505905566,-0.7805623761610269,-0.6250705688250762,0.7805671662819889
-10.0,0.5439884997141441,-0.8390683118123061,-0.5440252263995163,0.8390689048942631
-9.9,0.4575377178546943,-0.8891894190886539,-0.4575369764149667,0.88918495414571
-9.8,0.36648229180503866,-0.9304253667132458,-0.366479336618554,0.9304126952973093
-9.7,0.27176600271150014,-0.9623856769737542,-0.2717606501189527,0.9623653076592361
-9.6,0.17433575479417376,-0.9846991520450242,-0.17432540577253602,0.9846888234505495
-9.5,0.0751658439074313,-0.9971780733761397,-0.0751511003946568,0.9971742240837405
-9.4,-0.024794210693763117,-0.9996960176455352,-0.024775425375528622,0.9996960176455352
-9.3,-0.12446596710144422,-0.9922267541951638,-0.12445417153802026,0.9922267541951638
-9.2,-0.22289689117821188,-0.9748442720962062,-0.2228899198485658,0.9748442720962062
-9.1,-0.3191025053444094,-0.9477019302907039,-0.31909843786539316,0.9477019302907039
-9.0,-0.41212089908727206,-0.9111209767425306,-0.4121189791148278,0.9111209767425306
-8.9,-0.50097890647129,-0.8654311187099439,-0.5010230228568088,0.8654311187099439
-8.8,-0.5848918536857841,-0.8110913552174809,-0.5849245261473525,0.8110913552174809
-8.7,-0.6629542368673637,-0.7486460376962057,-0.6629690787226282,0.7486460376962057
-8.6,-0.7343884226066913,-0.6787198510799763,-0.7343966141607887,0.6787198510799763
-8.5,-0.7984822136709653,-0.6020211660425778,-0.7984857599184939,0.6020211660425778
-8.4,-0.8545962141760282,-0.5192915131752716,-0.8545955058332128,0.5192915131752716
-8.3,-0.9021703949249229,-0.4313775397377115,-0.9021639840202501,0.4313775397377115
-8.2,-0.9407619657753189,-0.3391549786201787,-0.9407136970790497,0.3391549786201787
-8.1,-0.9699072738562365,-0.2435441645495617,-0.9698903572891917,0.2435441645495617
-8.0,-0.9893676359401486,-0.14549948092245918,-0.9893594612137303,0.14549948092245918
-7.9,-0.9989462043341962,-0.04600212391983672,-0.9989438984695206,0.04600212391983672
-7.8,-0.9985457592781485,0.05395541674304181,-0.9985457592781485,0.05395541674304181
-7.7,-0.9881693760106409,0.1533731410661746,-0.9881693760106409,0.1533731410661746
-7.6,-0.9679201834792112,0.2512598560966505,-0.9679201834792112,0.2512598560966505
-7.5,-0.9379840756676506,0.34663545577144966,-0.9379840756676506,0.34663545577144966
-7.4,-0.8987007311281495,0.4385481138862665,-0.8987007311281495,0.4385481138862665
-7.3,-0.8504334485850614,0.5260806810213963,-0.8504334485850614,0.5260806810213963
-7.2,-0.7936666122719261,0.6083614059205291,-0.7936666122719261,0.6083614059205291
-7.1,-0.7289685968052105,0.6845464505482041,-0.7289685968052105,0.6845464505482041
-7.0,-0.6569864616708982,0.7539015930435707,-0.6569864616708982,0.7539015930435707
-6.9,-0.5784464687805854,0.8157233115383558,-0.5784464687805854,0.8157233115383558
-6.8,-0.49411529785755204,0.8693931115251892,-0.49411529785755204,0.8693931115251892
-6.7,-0.4048503532529903,0.9143732676545026,-0.4048503532529903,0.9143732676545026
-6.6,-0.31154142698818194,0.9502117630055924,-0.31154142698818194,0.9502117630055924
-6.5,-0.21511999255369432,0.9765883199456593,-0.21511999255369432,0.9765883199456593
-6.4,-0.11654902364764841,0.9931864362499491,-0.11654902364764841,0.9931864362499491
-6.3,-0.01681390047314886,0.9998617845043513,-0.01681390047314886,0.9998617845043513
-6.2,0.08308936962955395,0.9965483357833836,-0.08308936962955395,0.9965440472625947
-6.1,0.1821625056448775,0.9832803124153499,-0.1821625056448775,0.9832693471940036
-6.0,0.27941552714441154,0.9601920881326972,-0.27941552714441154,0.9601706864773578
-5.9,0.3738769050153097,0.9274774761276743,-0.3738769050153097,0.9274656442623836
-5.8,0.4646033954820329,0.8855176938953533,-0.4646033954820329,0.8855137114440246
-5.7,0.5506900732997578,0.8347094094173786,-0.5506900732997578,0.8347103432847616
-5.6,0.6312665489025507,0.7755598022442209,-0.6312665489025507,0.7755649428134227
-5.5,0.7055400217626632,0.7086591136843082,-0.7055400217626632,0.7086694546986668
-5.4,0.7727635929570886,0.6346746080050387,-0.7727635929570886,0.6346927816544329
-5.3,0.8322650972080059,0.5543437042341313,-0.8322650972080059,0.5543791127674075
-5.2,0.883449058922028,0.46851837270790603,-0.883449058922028,0.468517967436499
-5.1,0.9258023171827842,0.37798070008110957,-0.9258023171827842,0.37797800299029766
-5.0,0.9589246596582796,0.2836672248439243,-0.9589246596582796,0.2836622177265607
-4.9,0.9824534900653512,0.1865207991964199,-0.9824534900653512,0.18651237104500448
-4.8,0.9961664963515672,0.08751284316832345,-0.9961664963515672,0.08749894043304962
-4.7,0.9999271189469399,-0.012408594896096123,-0.9999265054405873,0.0123886634604582
-4.6,0.993698562262961,-0.11216479910656679,-0.9936925725861325,0.11215237755012
-4.5,0.9775443474081497,-0.21080323254880418,-0.9775308372004625,0.2107958032964182
-4.4,0.9516279470455135,-0.30733729376010144,-0.9515805760696245,0.3073329275026599
-4.3,0.9161647797048222,-0.4008017557819256,-0.9161557107932935,0.40079957358722657
-4.2,0.8715735833517246,-0.4902162283923783,-0.8715712256851293,0.49026265443666883
-4.1,0.8182730922205503,-0.574796944954486,-0.8182752465409568,0.5748303218355787
-4.0,0.756795316594162,-0.653627601694848,-0.7568018025642618,0.6536434912382652
-3.9,0.6877536533799067,-0.725923008637777,-0.6877659316264022,0.7259318820074429
-3.8,0.6118366003523971,-0.7909624462226469,-0.611857827119479,0.790966513586395
-3.7,0.5298006545954069,-0.8480971261984124,-0.5298394855358386,0.8480969815349548
-3.6,0.44252244709597804,-0.8967568586381977,-0.44252128481302333,0.8967513095538594
-3.5,0.3507866900136743,-0.9364903928672749,-0.3507833781538162,0.9364412976886666
-3.4,0.25554696928400433,-0.9668170056820241,-0.2555411172779164,0.966798685470017
-3.3,0.15775545821452056,-0.9874899292663314,-0.1577448634591592,0.9874808734931779
-3.2,0.05839011958989566,-0.9983000628584732,-0.05837413776361135,0.9982971135428966
-3.1,-0.041597990131105954,-0.9991377894986332,-0.04158066139603901,0.9991377894986332
-3.0,-0.14113062718531458,-0.9899937532412886,-0.14111953401979144,0.9899937532412886
-2.9,-0.2392557289827485,-0.9709587319707396,-0.2392493387376342,0.9709587319707396
-2.8,-0.33499193858322335,-0.9422049264888025,-0.3349882576601126,0.9422049264888025
-2.7,-0.42738208016353463,-0.9040640106191727,-0.42738052819144107,0.9040640106191727
-2.6,-0.5154627782493956,-0.8568852168574201,-0.5155040727347933,0.8568852168574201
-2.5,-0.598448910391329,-0.801142203556274,-0.5984809729587005,0.801142203556274
-2.4,-0.6754494830193039,-0.7373932079936765,-0.6754629945324311,0.7373932079936765
-2.3,-0.7456973178300313,-0.6662758614052847,-0.7457046322652386,0.6662758614052847
-2.2,-0.8084919649983715,-0.5885088213611659,-0.8084948134066255,0.5885088213611659
-2.1,-0.8632069372306019,-0.5048484020239196,-0.8632054289416807,0.5048484020239196
-2.0,-0.9092961359628027,-0.4161473675572018,-0.9092884586393548,0.4161473675572018
-1.9,-0.9463286070794175,-0.323289649880806,-0.9462810339391751,0.323289649880806
-1.8,-0.9738634021714285,-0.2272021012818463,-0.9738482584666798,0.2272021012818463
-1.7,-0.9916732393929041,-0.12884419436515324,-0.9916661919356283,0.12884419436515324
-1.6,-0.9995779388049383,-0.029199522124279068,-0.9995764865327226,0.029199522124279068
-1.5,-0.9974971226283482,0.07073718684864636,-0.9974971226283482,0.07073718684864636
-1.4,-0.9854507318617285,0.1699659325536228,-0.9854507318617285,0.1699659325536228
-1.3,-0.9635586295661733,0.26749884978999294,-0.9635586295661733,0.26749884978999294
-1.2,-0.9320250514285713,0.3623579453249975,-0.9320250514285713,0.3623579453249975
-1.1,-0.8912009331150793,0.45359713548779446,-0.8912009331150793,0.45359713548779446
-1.0,-0.841468253968254,0.5403062050527063,-0.841468253968254,0.5403062050527063
-0.9,-0.7833258498214286,0.6216098928000288,-0.7833258498214286,0.6216098928000288
-0.8,-0.7173557231746032,0.6967064461079413,-0.7173557231746032,0.6967064461079413
-0.7,-0.6442175765277778,0.7648413993380755,-0.6442175765277778,0.7648413993380755
-0.6,-0.5646479999999999,0.8253335223602369,-0.5646479999999999,0.8253335223602369
-0.5,-0.47942708333333334,0.8775775143296093,-0.47942708333333334,0.8775775143296093
-0.4,-0.3894186666666667,0.921049743524043,-0.3894186666666667,0.921049743524043
-0.3,-0.29552025,0.955336835220497,-0.29552025,0.955336835220497
-0.2,-0.19866933333333336,0.980067372774328,-0.19866933333333336,0.980067372774328
-0.1,-0.09983333333333334,0.995005886829898,-0.09983333333333334,0.995005886829898
0.0,0.0,1.0000035425842861,-0.0,1.0000035425842861
0.1,0.09983333333333334,0.9950111357969428,-0.09983333333333334,0.995005886829898
0.2,0.19866933333333336,0.9800797607705167,-0.19866933333333336,0.980067372774328
0.3,0.29552025,0.9553605574264429,-0.29552025,0.955336835220497
0.4,0.3894186666666667,0.9210599272342966,-0.3894186666666667,0.921049743524043
0.5,0.47942708333333334,0.8775805356706025,-0.47942708333333334,0.8775775143296093
0.6,0.5646479999999999,0.825331881707245,-0.5646479999999999,0.8253335223602369
0.7,0.6442175765277778,0.764835497023764,-0.6442175765277778,0.7648413993380755
0.8,0.7173557231746032,0.6966950195956843,-0.7173557231746032,0.6967064461079413
0.9,0.7833258498214286,0.6215900122361228,-0.7833258498214286,0.6216098928000288
1.0,0.841468253968254,0.5402689595346454,-0.841468253968254,0.5403062050527063
1.1,0.8912009331150793,0.4535979912913619,-0.8912009331150793,0.45359713548779446
1.2,0.9320250514285713,0.362360993491635,-0.9320250514285713,0.3623579453249975
1.3,0.9635586295661733,0.2675043302916128,-0.9635586295661733,0.26749884978999294
1.4,0.9854507318617285,0.1699763185361911,-0.9854507318617285,0.1699659325536228
1.5,0.9974971226283482,0.07075224563875232,-0.9974971226283482,0.07073718684864636
1.6,0.9995779388049383,-0.029217913208567776,-0.9995764865327226,0.029199522124279068
1.7,0.9916732393929041,-0.12885578754872093,-0.9916661919356283,0.12884419436515324
1.8,0.9738634021714285,-0.2272089152857963,-0.9738482584666798,0.2272021012818463
1.9,0.9463286070794175,-0.32329361364883863,-0.9462810339391751,0.323289649880806
2.0,0.9092961359628027,-0.4161491922827039,-0.9092884586393548,0.4161473675572018
2.1,0.8632069372306019,-0.5048050631965888,-0.8632054289416807,0.5048484020239196
2.2,0.8084919649983715,-0.5884763486477425,-0.8084948134066255,0.5885088213611659
2.3,0.7456973178300313,-0.6662613796276884,-0.7457046322652386,0.6662758614052847
2.4,0.6754494830193039,-0.737385252443514,-0.6754629945324311,0.7373932079936765
2.5,0.598448910391329,-0.801138841787856,-0.5984809729587005,0.801142203556274
2.6,0.5154627782493956,-0.856886131533789,-0.5155040727347933,0.8568852168574201
2.7,0.42738208016353463,-0.9040707435780498,-0.42738052819144107,0.9040640106191727
2.8,0.33499193858322335,-0.9422529644774206,-0.3349882576601126,0.9422049264888025
2.9,0.2392557289827485,-0.9709751676174921,-0.2392493387376342,0.9709587319707396
3.0,0.14113062718531458,-0.9900016239543195,-0.14111953401979144,0.9899937532412886
3.1,0.041597990131105954,-0.9991398687725999,-0.04158066139603901,0.9991377894986332
3.2,-0.05839011958989566,-0.9982971135428966,-0.05837413776361135,0.9982971135428966
3.3,-0.15775545821452056,-0.9874808734931779,-0.1577448634591592,0.9874808734931779
3.4,-0.25554696928400433,-0.9667986854700169,-0.2555411172779164,0.966798685470017
3.5,-0.3507866900136743,-0.9364412976886666,-0.3507833781538162,0.9364412976886666
3.6,-0.44252244709597804,-0.8967513095538596,-0.44252128481302333,0.8967513095538594
3.7,-0.5298006545954069,-0.8480969815349548,-0.5298394855358386,0.8480969815349548
3.8,-0.6118366003523971,-0.790966513586395,-0.611857827119479,0.790966513586395
3.9,-0.6877536533799067,-0.7259318820074426,-0.6877659316264022,0.7259318820074429
4.0,-0.756795316594162,-0.6536434912382652,-0.7568018025642618,0.6536434912382652
4.1,-0.8182730922205503,-0.5748303218355787,-0.8182752465409568,0.5748303218355787
4.2,-0.8715735833517246,-0.49026265443666883,-0.8715712256851293,0.49026265443666883
4.3,-0.9161647797048222,-0.40079957358722657,-0.9161557107932935,0.40079957358722657
4.4,-0.9516279470455135,-0.3073329275026599,-0.9515805760696245,0.3073329275026599
4.5,-0.9775443474081497,-0.2107958032964182,-0.9775308372004625,0.2107958032964182
4.6,-0.993698562262961,-0.11215237755012,-0.9936925725861325,0.11215237755012
4.7,-0.9999271189469399,-0.0123886634604582,-0.9999265054405873,0.0123886634604582
4.8,-0.9961664963515672,0.08749894043304962,-0.9961664963515672,0.08749894043304962
4.9,-0.9824534900653512,0.18651237104500448,-0.9824534900653512,0.18651237104500448
5.0,-0.9589246596582796,0.2836622177265607,-0.9589246596582796,0.2836622177265607
5.1,-0.9258023171827842,0.37797800299029766,-0.9258023171827842,0.37797800299029766
5.2,-0.883449058922028,0.468517967436499,-0.883449058922028,0.468517967436499
5.3,-0.8322650972080059,0.5543791127674075,-0.8322650972080059,0.5543791127674075
5.4,-0.7727635929570886,0.6346927816544329,-0.7727635929570886,0.6346927816544329
5.5,-0.7055400217626632,0.7086694546986668,-0.7055400217626632,0.7086694546986668
5.6,-0.6312665489025507,0.7755649428134227,-0.6312665489025507,0.7755649428134227
5.7,-0.5506900732997578,0.8347103432847616,-0.5506900732997578,0.8347103432847616
5.8,-0.4646033954820329,0.8855137114440246,-0.4646033954820329,0.8855137114440246
5.9,-0.3738769050153097,0.9274656442623836,-0.3738769050153097,0.9274656442623836
6.0,-0.27941552714441154,0.9601706864773578,-0.27941552714441154,0.9601706864773578
6.1,-0.1821625056448775,0.9832693471940036,-0.1821625056448775,0.9832693471940036
6.2,-0.08308936962955395,0.9965440472625947,-0.08308936962955395,0.9965440472625947
6.3,0.01681390047314886,0.999862617821751,-0.01681390047314886,0.9998617845043513
6.4,0.11654902364764841,0.9931926981657623,-0.11654902364764841,0.9931864362499491
6.5,0.21511999255369432,0.9766022473484549,-0.21511999255369432,0.9765883199456593
6.6,0.31154142698818194,0.9502591390763065,-0.31154142698818194,0.9502117630055924
6.7,0.4048503532529903,0.9143819572691249,-0.4048503532529903,0.9143732676545026
6.8,0.49411529785755204,0.8693952402484325,-0.49411529785755204,0.8693931115251892
6.9,0.5784464687805854,0.81572097444902,-0.5784464687805854,0.8157233115383558
7.0,0.6569864616708982,0.7538948933129006,-0.6569864616708982,0.7539015930435707
7.1,0.7289685968052105,0.6845338566088585,-0.7289685968052105,0.6845464505482041
7.2,0.7936666122719261,0.6083295275851902,-0.7936666122719261,0.6083614059205291
7.3,0.8504334485850614,0.5260412364052554,-0.8504334485850614,0.5260806810213963
7.4,0.8987007311281495,0.4385493813521359,-0.8987007311281495,0.4385481138862665
7.5,0.9379840756676506,0.3466388633534747,-0.9379840756676506,0.34663545577144966
7.6,0.9679201834792112,0.2512658458414172,-0.9679201834792112,0.2512598560966505
7.7,0.9881693760106409,0.1533838447115968,-0.9881693760106409,0.1533731410661746
7.8,0.9985457592781485,0.05397174258882482,-0.9985457592781485,0.05395541674304181
7.9,0.9989462043341962,-0.04601908762922899,-0.9989438984695206,0.04600212391983672
8.0,0.9893676359401486,-0.14551042135296194,-0.9893594612137303,0.14549948092245918
8.1,0.9699072738562365,-0.24355040913743134,-0.9698903572891917,0.2435441645495617
8.2,0.9407619657753189,-0.3391585609088618,-0.9407136970790497,0.3391549786201787
8.3,0.9021703949249229,-0.43137899161175475,-0.9021639840202501,0.4313775397377115
8.4,0.8545962141760282,-0.5192509018351434,-0.8545955058332128,0.5192915131752716
8.5,0.7984822136709653,-0.6019891956712637,-0.7984857599184939,0.6020211660425778
8.6,0.7343884226066913,-0.6787066732134922,-0.7343966141607887,0.6787198510799763
8.7,0.6629542368673637,-0.7486389457275002,-0.6629690787226282,0.7486460376962057
8.8,0.5848918536857841,-0.8110886895377517,-0.5849245261473525,0.8110913552174809
8.9,0.50097890647129,-0.8654328453404597,-0.5010230228568088,0.8654311187099439
9.0,0.41212089908727206,-0.9111290075626303,-0.4121189791148278,0.9111209767425306
9.1,0.3191025053444094,-0.9477494021950061,-0.31909843786539316,0.9477019302907039
9.2,0.22289689117821188,-0.9748589729021975,-0.2228899198485658,0.9748442720962062
9.3,0.12446596710144422,-0.9922335169133553,-0.12445417153802026,0.9922267541951638
9.4,0.024794210693763117,-0.9996972480631069,-0.024775425375528622,0.9996960176455352
9.5,-0.0751658439074313,-0.9971742240837405,-0.0751511003946568,0.9971742240837405
9.6,-0.17433575479417376,-0.9846888234505495,-0.17432540577253602,0.9846888234505495
9.7,-0.27176600271150014,-0.9623653076592361,-0.2717606501189527,0.9623653076592361
9.8,-0.36648229180503866,-0.9304126952973093,-0.366479336618554,0.9304126952973093
9.9,-0.4575377178546943,-0.88918495414571,-0.4575369764149667,0.88918495414571
10.0,-0.5439884997141441,-0.8390689048942631,-0.5440252263995163,0.8390689048942631
10.1,-0.6250511505905566,-0.7805671662819889,-0.6250705688250762,0.7805671662819889
10.2,-0.6998632772494284,-0.7142653021886698,-0.699874410451815,0.7142653021886698
10.3,-0.7676792864277692,-0.6408263130218483,-0.7676849850917292,0.6408263130218483
10.4,-0.8278228332975037,-0.5609895052978144,-0.8278242892673664,0.5609895052978144
10.5,-0.8796937891614668,-0.4755383796068638,-0.8796905219681803,0.4755383796068638
10.6,-0.9227743854855441,-0.38533849084163835,-0.9227637836380849,0.38533849084163835
10.7,-0.9566584680685195,-0.2912893207792689,-0.9566353758310612,0.2912893207792689
10.8,-0.9809490563396608,-0.19432990862564084,-0.9809370536274434,0.19432990862564084
10.9,-0.995443024025911,-0.09542878456094635,-0.9954380325584045,0.09542878456094635
11.0,-0.9999936411786472,0.0044256979880370655,-0.9999936411786472,0.0044256979880370655
11.1,-0.9945542537605844,0.10423592341266325,-0.9945542537605844,0.10423592341266325
11.2,-0.9791784963635097,0.20300486677721322,-0.9791784963635097,0.20300486677721322
11.3,-0.9540195829907895,0.29974539129234207,-0.9540195829907895,0.29974539129234207
11.4,-0.9193176511821103,0.39349121665951775,-0.9193176511821103,0.39349121665951775
11.5,-0.8754473113957676,0.48330640167155975,-0.8754473113957676,0.48330640167155975
11.6,-0.8228265865707257,0.5682954476925294,-0.8228265865707257,0.5682954476925294
11.7,-0.7619828312378194,0.6475962214892653,-0.7619828312378194,0.6475962214892653
11.8,-0.6935248348172639,0.7204320925716312,-0.6935248348172639,0.7204320925716312
11.9,-0.6181370411275063,0.7860691885779254,-0.6181370411275063,0.7860691885779254
12.0,-0.5365766106739027,0.8438511174023292,-0.5365766106739027,0.8438511174023292
12.1,-0.44964841377536924,0.8931994486484377,-0.44964841377536924,0.8931994486484377
12.2,-0.35822945770747794,0.933619138153724,-0.35822945770747794,0.933619138153724
12.3,-0.2632318102259762,0.9647330789203762,-0.2632318102259762,0.9647330789203762
12.4,-0.16560311395891522,0.9861933394646263,-0.16560311395891522,0.9861933394646263
12.5,-0.0663218866198988,0.9978004853731048,-0.0663218866198988,0.9978004853731048
12.6,0.03362304686270935,0.9994390546244358,-0.03362304686270935,0.9994373794709375
12.7,0.13323168648890923,0.9910935444704634,-0.13323168648890923,0.991086207462431
12.8,0.23150983263392486,0.9728487671840347,-0.23150983263392486,0.9728331709300754
12.9,0.32747453028593526,0.944889293739402,-0.32747453028593526,0.9448415852000007
13.0,0.4201676073411052,0.9074454530667844,-0.4201676073411052,0.9074381205747905
13.1,0.5086638995521982,0.8609641198551425,-0.5086638995521982,0.8609628264867234
13.2,0.592081605610542,0.805879401741545,-0.592081605610542,0.8058824331394371
13.3,0.6695695933840892,0.7427410793592852,-0.6695695933840892,0.7427486196310312
13.4,0.7403753575329488,0.6721790553975692,-0.7403753575329488,0.6721929072802535
13.5,0.8037829529783659,0.5948968916539015,-0.8037829529783659,0.5949290752353213
13.6,0.8591581394036323,0.5116645403358769,-0.8591581394036323,0.5117065427750239
13.7,0.9059463203096086,0.4233767989006139,-0.9059463203096086,0.4233751483274675
13.8,0.9436776845475506,0.3308187568497375,-0.9436776845475506,0.33081497607837346
13.9,0.972008089281192,0.23495636577791038,-0.972008089281192,0.23494982690758395
14.0,0.9906086557045904,0.13674807372141903,-0.9906086557045904,0.1367368137516495
14.1,0.9993121129855648,0.0371760855380367,-0.9993121129855648,0.037158384199824375
14.2,0.9980320994281517,-0.0628073600659752,-0.9980289164978992,0.06279171476354145
14.3,0.9867824123233184,-0.16212398643894493,-0.9867730304952885,0.16211348313844973
14.4,0.9656770944626634,-0.25982309034657236,-0.9656582514964515,0.2598173733893898
14.5,0.9348942220799848,-0.35492764774179286,-0.9348801627648927,0.3549244307432868
14.6,0.8947895698321491,-0.4464868463728523,-0.8947843152112475,0.4464857914247787
14.7,0.8457438463980288,-0.5335496788638706,-0.8457438986588831,0.5335879210011035
14.8,0.7882466646504609,-0.6153316782758255,-0.7882509202743221,0.61535241516853
14.9,0.7228718226246084,-0.6909599722785917,-0.7228809475478453,0.6909719409421174
15.0,0.6502714390638671,-0.7596809122893201,-0.6502877175949318,0.7596871873499498
15.1,0.5711692502580175,-0.8208091799247454,-0.5712029298065001,0.8208111511824706
15.2,0.48640020530618583,-0.8737348534582379,-0.4864004140563946,0.8737322626851419
15.3,0.39674322016595176,-0.9179296563980307,-0.3967409454480244,0.9179201984041455
15.4,0.303122885063278,-0.952978131653457,-0.3031184088039974,0.9529307311990207
15.5,0.20647508459700045,-0.9784673102456583,-0.20646748527371156,0.9784542085080453
15.6,0.10776619497351712,-0.9941849687405864,-0.10775353009743667,0.9941792471778148
15.7,0.007983540243433325,-0.9999720379739909,-0.007963183785669877,0.9999716438442882
15.8,-0.09192041303873184,-0.9957694355033218,-0.09190679520558835,0.9957694355033215
15.9,-0.19086682445416178,-0.9816183907201681,-0.19085858328420677,0.9816183907201681
16.0,-0.28790824053893804,-0.9576598509882744,-0.28790335256697036,0.9576598509882749
16.1,-0.3820743043144333,-0.9241208438909604,-0.38207169897690363,0.9241208438909612
16.2,-0.47242364588187374,-0.8813670955733586,-0.4724233670770378,0.8813670955733578
16.3,-0.5580223190995766,-0.8298035461876437,-0.5580573051036204,0.8298035461876427
16.4,-2.44955592153876,-0.7699471054295662,-0.6381065824606749,0.7699471054295673
16.5,-0.7117749383851282,-0.7023967687833165,-0.7117850062671807,0.7023967687833177
16.6,-0.778346154999694,-0.6278279513267844,-0.7783511000708061,0.6278279513267857
16.7,-0.8371384913600229,-0.5469902585333052,-0.8371392364128876,0.5469902585333036
16.8,-0.8875652607944036,-0.46067972768743265,-0.8875610125023387,0.46067972768743104
16.9,-0.9291230857719927,-0.3697684853000274,-0.9291107922162803,0.3697684853000291
17.0,-0.9614187298787199,-0.2751633639760472,-0.9613979070557331,0.2751633639760489
17.1,-0.9840765547485799,-0.1778075511526228,-0.9840659461551926,0.17780755115262456
17.2,-0.9969061241719224,-0.07867816948122527,-0.9969020808923091,0.07867816948122351
17.3,-0.9997774822293074,0.02123880813761791,-0.9997774822293074,0.021238808137619688
17.4,-0.9926608480394337,0.12094338170389972,-0.9926608480394337,0.12094338170389796
17.5,-0.97562667518002,0.21943996835575083,-0.97562667518002,0.2194399683557491
17.6,-0.9488243192908536,0.31574382486450686,-0.9488243192908536,0.3157438248645052
17.7,-0.9125729041879298,0.4088932052098456,-0.9125729041879298,0.40889320520984723
17.8,-0.8671979630349733,0.4979582691110278,-0.8671979630349733,0.49795826911102936
17.9,-0.8131553962511906,0.5820513003278196,-0.8131553962511906,0.582051300327818
18.0,-0.7509866156414213,0.6603165633983747,-0.7509866156414213,0.6603165633983734
18.1,-0.6813135607896857,0.7319910324261437,-0.6813135607896857,0.7319910324261424
18.2,-0.6048424461181306,0.7963511633738783,-0.6048424461181306,0.7963511633738795
18.3,-0.5223115807354104,0.8527532539137116,-0.5223115807354104,0.8527532539137125
18.4,-0.43456635631014867,0.9006325415201282,-0.43456635631014867,0.9006325415201274
18.5,-0.3424807447829672,0.9395084660970275,-0.3424807447829672,0.939508466097027
18.6,-0.24697367368665074,0.9690227235765461,-0.24697367368665074,0.9690227235765456
18.7,-0.14899840264561817,0.9888385245965252,-0.14899840264561817,0.9888385245965255
18.8,-0.04953563838795501,0.9987748488930003,-0.04953563838795501,0.9987748488930005
18.9,0.050422685085092206,0.9987329777131339,-0.050422685085092206,0.9987304436323968
19.0,0.14987656777353056,0.9887142762765039,-0.14987656777353056,0.9887057920087614
19.1,0.24783422023381993,0.9688203942611928,-0.24783422023381993,0.9688029861420214
19.2,0.3433150573959109,0.9392525593194784,-0.3433150573959109,0.9392040259377029
19.3,0.4353661048173601,0.9002523744498254,-0.4353661048173601,0.9002462779751673
19.4,0.5230687902281482,0.8522895560524255,-0.5230687902281482,0.8522890513206183
19.5,0.6055495857661152,0.7958099426461195,-0.6055495857661152,0.7958136741729203
19.6,0.6819634131107821,0.7313772033127282,-0.6819634131107821,0.7313856347667814
19.7,0.7515727782674622,0.6596341008265647,-0.7515727782674622,0.6596493101235112
19.8,0.813672007628697,0.5812958899117567,-0.813672007628697,0.5813287896160985
19.9,0.8676398520414252,0.4971429177888505,-0.8676398520414252,0.49718783669957317
20.0,0.9129356387213503,0.40808453510349235,-0.9129356387213503,0.4080825207975362
20.1,0.9491042459778233,0.3149051490224006,-0.9491042459778233,0.31490097629123404
20.2,0.9758211923327011,0.2185805046912951,-0.9758211923327011,0.21857337278674743
20.3,0.9927678833019606,0.12007371414488605,-0.9927678833019606,0.12006170469363449
20.4,0.9997959705375044,0.02037003077750234,-0.9997959705375044,0.020350843302583296
20.5,0.996835888272475,-0.07957797657561581,-0.996831796009405,0.07956354057180799
20.6,0.9839183087149744,-0.1786917806868097,-0.9839076291231802,0.17868144692953583
20.7,0.9611740745094336,-0.27602235485169385,-0.961153136555737,0.2760171277574798
20.8,0.9287943016252254,-0.3705964136149265,-0.9287821016965575,0.3705935509328094
20.9,0.8871557459229398,-0.46146848375624205,-0.8871515514378489,0.4614678595684496
21.0,0.836652334238041,-0.5476973692385076,-0.8366531172949798,0.5477336022596629
21.1,0.7777882079031451,-0.6285000360514,-0.7777931920567109,0.6285190014075511
21.2,0.7111507678841297,-0.7030178203586961,-0.711160890176637,0.7030286657725991
21.3,0.6374046661545099,-0.7705080353992636,-0.6374224974097132,0.7705135327484486
21.4,0.5572849660417967,-0.830297567985475,-0.5573200347832652,0.8302988384035368
21.5,0.47164067091290884,-0.8817898107400984,-0.4716403664379956,0.8817862927404482
21.6,0.3812533927547262,-0.9244707686145124,-0.3812507690119677,0.9244597376378548
21.7,0.28705759818171633,-0.9579376555701444,-0.2870526864725161,0.9579151794029289
21.8,0.18999495602923916,-0.9817991471946815,-0.18998667764447788,0.9817875219156602
21.9,0.09103603811672586,-0.9958554199609925,-0.09102236378162729,0.9958506825293627
22.0,-0.008871579781683242,-0.9999641560628618,-0.008851309289951956,0.9999641560628618
22.1,-0.10864908337150489,-0.9940831421500337,-0.10863646811281671,0.9940831421500338
22.2,-0.20734398895572365,-0.9782704417788588,-0.20733642404367214,0.9782704417788584
22.3,-0.3039691159672643,-0.9526612783007208,-0.3039646619290181,0.9526612783007203
22.4,-0.39755831733199565,-0.9175675408452225,-0.39755606114611064,0.9175675408452231
22.5,-0.48717602128548276,-0.8732999550699878,-0.4871762588675225,0.8732999550699887
22.6,-0.5718981607286024,-0.8203035311013468,-0.5719317774083036,0.8203035311013478
22.7,-0.6509459818848665,-0.7591093368331493,-0.6509621817146989,0.7591093368331482
22.8,-0.7234852760008682,-0.6903296389225041,-0.7234943500911246,0.6903296389225029
22.9,-0.7887929110114806,-0.6146520818406587,-0.78879712875304,0.6146520818406601
23.0,-0.8462174354888631,-0.5328365159367586,-0.846217448401571,0.5328365159367602
23.1,-0.8951857745576104,-0.4456908884467404,-0.8951804613851737,0.445690888446742
23.2,-0.9352090866993765,-0.3540939545635867,-0.9351949238860339,0.35409395456358506
23.3,-0.9659073698678721,-0.25895961498617415,-0.9658886327358027,0.2589596149861725
23.4,-0.9869259476439463,-0.16123703667453676,-0.9869166317459979,0.1612370366745385
23.5,-0.9980874423060281,-0.061905286394534534,-0.9980843064318323,0.06190528639453631
23.6,-0.9992786991170566,0.03804591290470218,-0.9992786991170566,0.038045912904700406
23.7,-0.9904868120960532,0.1376165612231663,-0.9904868120960532,0.13761656122316807
23.8,-0.9717990293465418,0.23581302954006528,-0.9717990293465418,0.235813029540067
23.9,-0.9433836127038967,0.3316529971555381,-0.9433836127038967,0.33165299715553637
24.0,-0.9055699990546433,0.42417961984764996,-0.9055699990546433,0.42417961984764835
24.1,-0.8587033554225042,0.5124694409959725,-0.8587033554225042,0.5124694409959709
24.2,-0.8032542656670786,0.5956428094898791,-0.8032542656670786,0.5956428094898806
24.3,-0.7397780577348179,0.6728502101266077,-0.7397780577348179,0.6728502101266091
24.4,-0.668909653393987,0.7433430043277727,-0.668909653393987,0.7433430043277716
24.5,-0.591365541839424,0.8064079563820629,-0.591365541839424,0.8064079563820618
24.6,-0.5078989973720496,0.8614142288073873,-0.5078989973720496,0.8614142288073865
24.7,-0.41936147846412075,0.9078108759703823,-0.41936147846412075,0.9078108759703831
24.8,-0.32663521556867886,0.9451319419887061,-0.32663521556867886,0.9451319419887068
24.9,-0.23064571326165,0.9730384086881249,-0.23064571326165,0.9730384086881246
25.0,-0.13235140680415555,0.9912041565974994,-0.13235140680415555,0.991204156597499
25.1,-0.03273537901731186,0.9994668655809023,-0.03273537901731186,0.9994668655809023
25.2,0.06720806105671172,0.9977445921173543,-0.06720806105671172,0.9977411733381375
25.3,0.1664789134179223,0.9860555750085598,-0.1664789134179223,0.9860458608477982
25.4,0.2640885406891439,0.9645182812719802,-0.2640885406891439,0.9644989038774116
25.5,0.35905853249058356,0.9333142535463987,-0.35905853249058356,0.9333007018523277
25.6,0.45044155623176485,0.8928047536662226,-0.45044155623176485,0.8927997868530518
25.7,0.5373259143537905,0.8433739990516058,-0.5373259143537905,0.8433742461743879
25.8,0.6188349501537349,0.7855154403827546,-0.6188349501537349,0.7855198855942148
25.9,0.6941644156762511,0.719806472309375,-0.6941644156762511,0.7198158532188158
26.0,0.7625576908359711,0.6469025309300916,-0.7625576908359711,0.6469192064855444
26.1,0.823330975697776,0.5675303545755908,-0.823330975697776,0.5675643632419904
26.2,0.8758761800258179,0.48252858432414053,-0.8758761800258179,0.48252865212131996
26.3,0.9196666956319242,0.39267691507808183,-0.9196666956319242,0.3926745482290657
26.4,0.9542854301553044,0.2989025415179281,-0.9542854301553044,0.2988979534081036
26.5,0.9793584158076833,0.20214289618809084,-0.9793584158076833,0.20213512325684782
26.6,0.9946464505370909,0.1033654858320224,-0.9946464505370909,0.10335256797571883
26.7,0.9999971989069858,0.0035583380552037767,-0.9999971989069858,0.0035375481349042876
26.8,0.9953579153048036,-0.09632618867877454,-0.9953528724452942,0.0963128472610462
26.9,0.9807761448816029,-0.19520911524562243,-0.9807640654870201,0.19520105723835776
27.0,0.956399502760718,-0.29214361957366897,-0.9563762852254353,0.2921388486204557
27.1,0.9224317747125914,-0.38616042651188354,-0.922421257648409,0.3861579128757409
27.2,0.8792710798342541,-0.47631966673938414,-0.87926786236932,0.4763195181169301
27.3,0.8273242454481222,-0.5616899895196028,-0.8273257385451209,0.5617245787011981
27.4,0.7671097961123362,-0.6414905570391429,-0.7671155354534024,0.6415078844425344
27.5,0.6992285657381064,-0.7148768157113178,-0.6992397573545276,0.7148866154149808
27.6,0.6243575460397931,-0.78111725870451,-0.6243770562906104,0.7811220100972871
27.7,0.5432429117342503,-0.8395511741343424,-0.5432797405244143,0.8395517289046627
27.8,0.45674780532730735,-0.8895954417272095,-0.45674704071185973,0.8895909217949565
27.9,0.3656557980438334,-0.9307504960178583,-0.36565282423955037,0.9307377284795162
28.0,0.27091118955140236,-0.962626554085346,-0.27090581148564236,0.9626062973724305
28.1,0.17346116903179382,-0.9848535303644153,-0.17345081429301923,0.9848432713759465
28.2,0.07428023283811291,-0.9972443911424796,-0.07426542667417871,0.9972405902801262
28.3,-0.025682005338992325,-0.9996736001943876,-0.025663299767746728,0.9996736001943876
28.4,-0.1253471190407977,-0.9921158182068025,-0.12533536503275,0.9921158182068028
28.5,-0.2237625855951202,-0.9746459217152125,-0.22375564609597212,0.9746459217152127
28.6,-0.3199440854023592,-0.9474182725643419,-0.3199400388571112,0.9474182725643425
28.7,-0.4129299513183444,-0.9107546559381936,-0.412928050382241,0.9107546559381928
28.8,-0.5017475348433122,-0.864985823373627,-0.5017914931873589,0.8649858233736261
28.9,-0.5856121162395258,-0.8105715510664581,-0.5856447464002187,0.8105715510664592
29.0,-0.6636189621682934,-0.7480569274991611,-0.663633731177686,0.7480569274991622
29.1,-0.7349909857491801,-0.6780673256948682,-0.7349991296337499,0.6780673256948695
29.2,-0.7990166050712992,-0.6013116582036758,-0.799020114237678,0.6013116582036744
29.3,-0.8550571014742603,-0.5185322581680516,-0.8550563519482927,0.51853225816805
29.4,-0.9025531775700916,-0.43057608992447116,-0.9025467026551995,0.43057608992447277
29.5,-0.9410626583953909,-0.33831932651095165,-0.941014438723604,0.3383193265109533
29.6,-0.9701231033976205,-0.24268265398642,-0.9701062841863797,0.24268265398642172
29.7,-0.9894964194591286,-0.14462073488361205,-0.9894883061796361,0.1446207348836103
29.8,-0.998986638228182,-0.04511488938447667,-0.9989843779612481,0.045114889384474895
29.9,-0.998497429106084,0.054842258205689075,-0.998497429106084,0.0548422582056873
30.0,-0.9880327583936728,0.15425070788688514,-0.9880327583936728,0.1542507078868834
30.1,-0.9676966398073303,0.25211942177524155,-0.9676966398073303,0.2521194217752398
30.2,-0.9376759430365781,0.3474684125573924,-0.9376759430365781,0.3474684125573941
30.3,-0.898310930286779,0.4393461454525838,-0.898310930286779,0.43934614545258543
30.4,-0.8499658986335803,0.5268358302345996,-0.8499658986335803,0.526835830234598
30.5,-0.7931259987316653,0.6090661636563194,-0.7931259987316653,0.609066163656318
30.6,-0.7283603288247034,0.6851936170723967,-0.7283603288247034,0.6851936170723955
30.7,-0.6563166206490427,0.754484796608387,-0.6563166206490427,0.7544847966083881
30.8,-0.5777216816540927,0.8162367200057704,-0.5777216816540927,0.8162367200057715
30.9,-0.49334291840224354,0.8698315855141607,-0.49334291840224354,0.8698315855141598
31.0,-0.40403807155184485,0.9147324087562733,-0.40403807155184485,0.9147324087562727
31.1,-0.3106973473344727,0.9504879530781024,-0.3106973473344727,0.9504879530781019
31.2,-0.21425254463529347,0.9767790000647999,-0.21425254463529347,0.9767790000648003
31.3,-0.11566688051811741,0.9932895686985841,-0.11566688051811741,0.9932895686985843
31.4,-0.015925862591561264,0.999876343321844,-0.015925862591561264,0.9998763433218442
31.5,0.08397442069397774,0.9964741831502362,-0.08397442069397774,0.9964698450592627
31.6,0.18303573040063842,0.9831182018050326,-0.18303573040063842,0.9831071641502481
31.7,0.28026819935578423,0.9599436593569562,-0.28026819935578423,0.9599221399815134
31.8,0.37470050775638103,0.9271450435748014,-0.37470050775638103,0.9271333029123399
31.9,0.4653897081421309,0.8851046948058223,-0.4653897081421309,0.8851007650252427
32.0,0.5514312603991587,0.8342199670076429,-0.5514312603991587,0.8342209386038799
32.1,0.6319551229917125,0.774998801507118,-0.6319551229917125,0.7750039815403587
32.2,0.7061691502616307,0.7080321515376269,-0.7061691502616307,0.7080425479743315
32.3,0.773326986850808,0.6339879358733085,-0.773326986850808,0.6340061963749455
32.4,0.8327571211950107,0.5536041634730983,-0.8327571211950107,0.5536396598821299
32.5,0.8838647854084032,0.4677335501861037,-0.8838647854084032,0.467733119962699
32.6,0.9261375719840533,0.3771582966774544,-0.9261375719840533,0.377155581156957
32.7,0.959176220883965,0.2828154613259936,-0.959176220883965,0.2828104300355047
32.8,0.9826187610088044,0.18564819159742818,-0.9826187610088044,0.18563972545521898
32.9,0.9962438287090516,0.0866281185920812,-0.9962438287090516,0.08661415768149443
33.0,0.9999157453158675,-0.013296594365034668,-0.9999150877374158,0.013276747219626054
33.1,0.9935986051539759,-0.11304725467486416,-0.9935925611804508,0.11303488074767123
33.2,0.9773568200040438,-0.21167131583925147,-0.9773432267805597,0.2116639202975334
33.3,0.951354745934733,-0.3081823236974272,-0.9513073767049356,0.30817797929954593
33.4,0.9158084391111079,-0.4016152841757519,-0.915799447092329,0.4016131206075309
33.5,0.8711377989817276,-0.49099032544394455,-0.8711354875871776,0.4910365793607262
33.6,0.8177622144501866,-0.5755235990623279,-0.8177644054676603,0.5755569184121077
33.7,0.7562144438222719,-0.6542995788271649,-0.7562209724570444,0.6543153912603695
33.8,0.687108579926635,-0.7265336123107493,-0.6871209210316112,0.7265424357197868
33.9,0.6111337569071371,-0.7915055871167599,-0.6111550832093634,0.7915096168480147
34.0,0.5290470416320576,-0.8485673849375406,-0.5290859937322172,0.8485672004916136
34.1,0.4417258204078152,-0.8971495413035524,-0.44172463684988883,0.8971439323022466
34.2,0.349954847828809,-0.9368014044603044,-0.3499515168314614,0.9367523773891264
34.3,0.2546882271616066,-0.9670434850837085,-0.25468234773204157,0.9670252683970064
34.4,0.15687840262777003,-0.9876295856503797,-0.15686778738660745,0.9876205945717458
34.5,0.05750352312263828,-0.9983514829908577,-0.05748747285867753,0.9983485803024427
34.6,-0.04248528843959324,-0.9991004485128818,-0.04246803356412961,0.9991004485128818
34.7,-0.14200979324289018,-0.9898680175381392,-0.14199873188181394,0.9898680175381389
34.8,-0.2401179685039386,-0.9707458539500188,-0.2401116077251722,0.9707458539500183
34.9,-0.33582862972692507,-0.9419071454351332,-0.3358249686923708,0.9419071454351328
35.0,-0.42818485863389855,-0.9036841309269618,-0.4281833266243055,0.903684130926961
35.1,-0.5162237967125977,-0.8564270601530244,-0.5162649521142864,0.8564270601530234
35.2,-0.5991603220950633,-0.8006103625476224,-0.599192363836675,0.8006103625476212
35.3,-0.6761042033339896,-0.7367930048014918,-0.6761176473566226,0.7367930048014906
35.4,-0.7462888206855932,-0.6656132972013653,-0.7462960902100937,0.6656132972013641
35.5,-0.809014350549037,-0.5877904419824387,-0.8090171622708029,0.5877904419824372
35.6,-0.8636549925556406,-0.5040815108080438,-0.8636534407301548,0.5040815108080422
35.7,-0.9096653883815196,-0.4153395970874472,-0.9096576408220834,0.4153395970874456
35.8,-0.9466152199804518,-0.32244905795409756,-0.9465676698989194,0.3224490579540959
35.9,-0.9740647240899453,-0.22633708209305145,-0.9740496700325793,0.22633708209304973
36.0,-0.9917872342303607,-0.12796339986342997,-0.9917802442948419,0.1279633998634282
36.1,-0.9996034519929455,-0.02831173253462587,-0.9996020443200838,0.028311732534624094
36.2,-0.9974338896427902,0.07162308995700441,-0.9974338896427902,0.07162308995700263
36.3,-0.9852993787609168,0.17084106761145382,-0.9852993787609168,0.17084106761145207
36.4,-0.9633206653027517,0.2683545355360957,-0.9633206653027517,0.26835453553609395
36.5,-0.9317029462576958,0.36318560248563037,-0.9317029462576958,0.3631856024856287
36.6,-0.8907977635701121,0.45438850192177416,-0.8907977635701121,0.45438850192177255
36.7,-0.8409880706202314,0.5410533927464309,-0.8409880706202314,0.5410533927464295
36.8,-0.7827734631050565,0.6223053638526154,-0.7827734631050565,0.622305363852614
36.9,-0.7167366590889943,0.6973432932739853,-0.7167366590889943,0.6973432932739839
37.0,-0.643538023903668,0.7654132567476123,-0.643538023903668,0.7654132567476112
37.1,-0.5639146929239389,0.8258346706340638,-0.5639146929239389,0.8258346706340629
37.2,-0.4786474442309134,0.8780029355387347,-0.4786474442309134,0.8780029355387338
37.3,-0.38860046148054744,0.9213951679670739,-0.38860046148054744,0.9213951679670731
37.4,-0.29467164394903206,0.9555989293727606,-0.29467164394903206,0.9555989293727599
37.5,-0.19779880209688505,0.9802434414146802,-0.19779880209688505,0.98024344141468
37.6,-0.09894957787109217,0.9950941735585275,-0.09894957787109217,0.9950941735585274
37.7,8.881569224854502E-4,1.000003170205523,-8.881569224854502E-4,1.0000031262641476
37.8,0.10071700991329836,0.9949221163628742,-0.10071700991329836,0.9949168152880865
37.9,0.19953970785701042,0.9799029973528764,-0.19953970785701042,0.9798905310717682
38.0,0.2963686229538714,0.9550978378271833,-0.2963686229538714,0.9550739874956716
38.1,0.3902365647378319,0.9207136931574594,-0.3902365647378319,0.9207035920641206
38.2,0.48020634445822635,0.8771543731958331,-0.48020634445822635,0.877151400614812
38.3,0.5653808621800752,0.8248300452930842,-0.5653808621800752,0.824831722917435
38.4,0.6448966209655701,0.7642629950684271,-0.6448966209655701,0.7642689385448833
38.5,0.7179742213609351,0.6960575632860788,-0.7179742213609351,0.6960690493387602
38.6,0.7838776185577575,0.6208939568967063,-0.7838776185577575,0.6209139313979014
38.7,0.8419477733905312,0.5395212388905046,-0.8419477733905312,0.5395585915514973
38.8,0.8916033993555487,0.45280628982242055,-0.8916033993555487,0.452805411398161
38.9,0.9323464208361463,0.361533069266912,-0.9323464208361463,0.36153000237428307
39.0,0.9637958337757595,0.2666484595118229,-0.9637958337757595,0.26664295304430685
39.1,0.9856013076615788,0.1691010586731963,-0.9856013076615788,0.16909066276776624
39.2,0.9975595688491332,0.06986635088039958,-0.9975595688491332,0.06985122789453907
39.3,0.9995516372765771,-0.030105601590828077,-0.9995501403636635,0.030087288677401597
39.4,0.9915584625589027,-0.12973644095652065,-0.991551357386098,0.12972488694807707
39.5,0.973661312478576,-0.22807372406914783,-0.9736460787378068,0.22806694125262808
39.6,0.94604124839438,-0.3241339299482055,-0.9459936508196282,0.3241299868147269
39.7,0.9089261662302106,-0.41695661534448675,-0.9089185587937991,0.41695480985622063
39.8,0.8627582009191458,-0.5055717094885535,-0.8627567360290255,0.5056148952767681
39.9,0.807968941575448,-0.5891943011908564,-0.8079718266807133,0.5892267371590594
40.0,0.7451052265632299,-0.6669234896297515,-0.7451125860448681,0.6669379000185405
