-40.0,-0.7451052265632299,-0.6669379000185417,1.1172143403818473,-1.499389973147723,0.8950833907647613
-39.9,-0.807968941575448,-0.5892267371590607,1.371240942962513,-1.697139550763549,0.7292664393753724
-39.8,-0.8627582009191458,-0.5056148952767695,1.706351502078992,-1.977789834400761,0.5860457231593933
-39.7,-0.9089261662302106,-0.41695480985622224,2.179897047133773,-2.3983414421932876,0.4587372606953366
-39.6,-0.94604124839438,-0.32412998681472854,2.918562580759797,-3.08518199697332,0.34263442099626573
-39.5,-0.973661312478576,-0.2280669412526298,4.269124115008436,-4.384677562243884,0.2342400860364829
-39.4,-0.9915584625589027,-0.12972488694807885,7.6434937097533995,-7.708621094426087,0.13083022476017225
-39.3,-0.9995516372765771,-0.03008728867740337,33.221675475012816,-33.23662729207753,0.030100829825760442
-39.2,-0.9975595688491332,0.06985122789454083,-14.2812030499341,14.316140605427414,-0.07002211203800611
-39.1,-0.9856013076615788,0.169090662767768,-5.828833428935285,5.913987109822954,-0.17156091560891687
-39.0,-0.9637958337757595,0.2666429530443086,-3.6145558049516873,3.7503335024714795,-0.2766591675331365
-38.9,-0.9323464208361463,0.36153000237428473,-2.5788908658012595,2.766022165332547,-0.38776359762292645
-38.8,-0.8916033993555487,0.45280541139816255,-1.9690652472603594,2.2084541722066042,-0.5078551873237013
-38.7,-0.8419477733905312,0.5395585915514989,-1.5604380813759553,1.8533668366293703,-0.6408456778485084
-38.6,-0.7838776185577575,0.6209139313979029,-1.2624577721955215,1.6105291722938744,-0.7921057020869022
-38.5,-0.7179742213609351,0.6960690493387615,-1.0314698262233954,1.4366390819272328,-0.969490308467269
-38.4,-0.6448966209655701,0.7642689385448845,-0.8438084925882372,1.3084399346438587,-1.1851030284521933
-38.3,-0.5653808621800752,0.824831722917436,-0.6854499487244738,1.2123685016175088,-1.4588957251523027
-38.2,-0.48020634445822635,0.8771514006148129,-0.5474611841486438,1.1400540423227736,-1.8266135188289172
-38.1,-0.3902365647378319,0.9207035920641213,-0.4238460326444069,1.086125880923419,-2.3593473171399664
-38.0,-0.2963686229538714,0.9550739874956722,-0.3103095957319375,1.0470393007165126,-3.2225880660933703
-37.9,-0.19953970785701042,0.9798905310717686,-0.20363469339657894,1.0205221586397375,-4.910754564068796
-37.8,-0.10071700991329836,0.9949168152880867,-0.10123158877773607,1.005109155493006,-9.878339479543273
-37.7,-8.881569224854502E-4,1.0000031262641476,-8.881541458809864E-4,0.999996873745626,-1125.9306784050086
-37.6,0.09894957787109217,0.9950993705642343,0.09943740049973507,1.0049247638785934,10.056578259029049
-37.5,0.19779880209688505,0.9802557514511896,0.2017853869151354,1.020141935938229,4.955760252453606
-37.4,0.29467164394903206,0.9556225240258143,0.3083633048254354,1.0464382900763303,3.2429280149468513
-37.3,0.38860046148054744,0.9214054347237567,0.4217522242252897,1.0852985692447175,2.3710604059928433
-37.2,0.4786474442309134,0.878006005830613,0.5451547197131181,1.1389443732266706,1.8343416352081467
-37.1,0.5639146929239389,0.8258330669812243,0.6828421147431047,1.210898473290045,1.4644673759998161
-37.0,0.643538023903668,0.7654073954959226,0.8407719858918898,1.3064937781951795,1.1893831107362614
-36.9,0.7167366590889943,0.697331926073641,1.0278103568243409,1.4340373107976645,0.9729421321358666
-36.8,0.7827734631050565,0.6222855768372132,1.2578607040424732,1.606979234650645,0.7950005885279916
-36.7,0.8409880706202314,0.5410162533618091,1.5543531967359265,1.8483733044730575,0.6433544204109826
-36.6,0.8907977635701121,0.45438933499649636,1.9604320087383542,2.200755878233169,0.5100916509945963
-36.5,0.9317029462576958,0.36318863194966383,2.565363108782825,2.7533901450378964,0.38980836536410046
-36.4,0.9633206653027517,0.26835999017187273,3.5897312612150136,3.7263378917235173,0.2785723852936921
-36.3,0.9852993787609168,0.17085144449585243,5.767345009818171,5.853038017622824,0.17339000845235153
-36.2,0.9974338896427902,0.07163808485963016,13.926149936306546,13.959055465531083,0.07180735555581827
-36.1,0.9996034519929455,-0.028330202104332316,-35.30698953508448,-35.29801857103864,-0.02832300383487247
-36.0,0.9917872342303607,-0.12797503270963792,-7.750499325223787,-7.8140241797702545,-0.12902394517286486
-35.9,0.9740647240899453,-0.22634392741229328,-4.30353551006784,-4.418055352456907,-0.23236708461230665
-35.8,0.9466152199804518,-0.32245304241538286,-2.935557250205003,-3.101226747650914,-0.3406508253007723
-35.7,0.9096653883815196,-0.4153414410074935,-2.1901539058664903,-2.4076576552879017,-0.4565889170260709
-35.6,0.8636549925556406,-0.5040380179386889,-1.7133210050607077,-1.9839773279198156,-0.5836617872811097
-35.5,0.809014350549037,-0.5877579314036628,-1.376370053827748,-1.7013806987033508,-0.7265487920337662
-35.4,0.7462888206855932,-0.6655987437453176,-1.1212157169154646,-1.5024066817990218,-0.8918890316228025
-35.3,0.6761042033339896,-0.736785002195563,-0.9176493844954251,-1.3572480398217615,-1.089740827919648
-35.2,0.5991603220950633,-0.8006069638151583,-0.7484194457963118,-1.2490523380344678,-1.3361491415231852
-35.1,0.5162237967125977,-0.8564279331951711,-0.6028125174163016,-1.1676405699066688,-1.6588905689717144
-35.0,0.42818485863389855,-0.9036907986313957,-0.4738196809819966,-1.1065731791387727,-2.110507520345058
-34.9,0.33582862972692507,-0.9419552269961751,-0.3565372343971653,-1.0616215838505674,-2.8047561475333826
-34.8,0.2401179685039386,-0.9707623852684378,-0.24734754905019152,-1.0301181990312462,-4.042894315468155
-34.7,0.14200979324289018,-0.9898759488268045,-0.14345218692384193,-1.0102275958772353,-6.970963785521758
-34.6,0.04248528843959324,-0.9991025731365962,-0.04250627014264828,-1.0008982329617933,-23.525940917517932
-34.5,-0.05750352312263828,-0.9983485803024423,0.05758256584214514,-1.0016541513957553,17.36636749986733
-34.4,-0.15687840262777003,-0.9876205945717449,0.15883405859375463,-1.0125345760267617,6.2958789119509415
-34.3,-0.2546882271616066,-0.9670252683970051,0.26336679718226685,-1.034099141646687,3.796985841415444
-34.2,-0.349954847828809,-0.9367523773891245,0.3735795342274234,-1.0675179739464942,2.6768061640957868
-34.1,-0.4417258204078152,-0.8971439323022443,0.4923676357218814,-1.1146483457050278,2.031002704988635
-34.0,-0.5290470416320576,-0.8485672004916107,0.6235051194833994,-1.1784570502143588,1.6038360692668292
-33.9,-0.6111337569071371,-0.7915096168480115,0.7721385441191893,-1.2634085281013379,1.295104366458926
-33.8,-0.687108579926635,-0.7265424357197833,0.9457409330136088,-1.3763820952995034,1.0573720192204163
-33.7,-0.7562144438222719,-0.6543153912603655,1.1557438240912845,-1.5283149584388722,0.8652436458280539
-33.6,-0.8177622144501866,-0.5755569184121033,1.4208228227431858,-1.737447623353894,0.7038175231935659
-33.5,-0.8711377989817276,-0.49103657936072154,1.7740745276478118,-2.036508158520279,0.5636741773897559
-33.4,-0.9158084391111079,-0.40161312060752596,2.2803026099022228,-2.489958491613236,0.43853828682978135
-33.3,-0.951354745934733,-0.3081779792995409,3.086876547335247,-3.2448781780998903,0.32395205466290905
-33.2,-0.9773568200040438,-0.21166392029752817,4.617429486360832,-4.724470748696032,0.21657071384714036
-33.1,-0.9935986051539759,-0.11303488074766595,8.790141190120387,-8.846826690889829,0.11376381543494915
-33.0,-0.9999157453158675,-0.013276747219620725,75.31325792354573,-75.3196534857705,0.013277874674006934
-32.9,-0.9962438287090516,0.0866141576814962,-11.502089905123032,11.54545661781151,-0.0869407219252042
-32.8,-0.9826187610088044,0.18563972545522073,-5.293149182370651,5.386778059210263,-0.18892344907462602
-32.7,-0.959176220883965,0.2828104300355064,-3.3915871517311005,3.5359374824841208,-0.29484720729926983
-32.6,-0.9261375719840533,0.37715558115695863,-2.4555849581836946,2.651425697937202,-0.4072349428055069
-32.5,-0.8838647854084032,0.46773311996270056,-1.8896775697194375,2.1379713287777125,-0.5291908080109514
-32.4,-0.8327571211950107,0.5536396598821314,-1.5041500483767816,1.806228983329875,-0.6648272897236283
-32.3,-0.773326986850808,0.6340061963749469,-1.2197467331903953,1.5772716508414169,-0.8198423269266554
-32.2,-0.7061691502616307,0.7080425479743329,-0.9973541170399145,1.4123445022632324,-1.0026529022288877
-32.1,-0.6319551229917125,0.7750039815403598,-0.815421775944519,1.2903159516838214,-1.2263592039122089
-32.0,-0.5514312603991587,0.834220938603881,-0.6610134496528136,1.1987232083548038,-1.5128285219086441
-31.9,-0.4653897081421309,0.8851007650252434,-0.5258042095680011,1.1298148634765666,-1.9018486003023758
-31.8,-0.37470050775638103,0.927133302912339,-0.4041495506410569,1.0785935494483587,-2.4743315894173645
-31.7,-0.28026819935578423,0.959922139981513,-0.2919697209621415,1.0417511570461941,-3.4250126920855117
-31.6,-0.18303573040063842,0.9831071641502486,-0.18618085298854062,1.0171831072600848,-5.371121594665536
-31.5,-0.08397442069397774,0.9964698450592631,-0.08427191360615992,1.0035426610832634,-11.86634973869757
-31.4,0.015925862591561264,0.9998771324850011,0.01592783217437817,1.0001228826132802,62.78318286204823
-31.3,0.11566688051811741,0.9932957756417954,0.11644829882756652,1.0067494743485372,8.587502007914885
-31.2,0.21425254463529347,0.9767928430332146,0.21934597756614319,1.0237585247806698,4.559007696863065
-31.1,0.3106973473344727,0.9505353253599318,0.32688194135264603,1.0520387547104972,3.0592084587541724
-31.0,0.40403807155184485,0.9147411737184462,0.44170083806388827,1.0932054101544095,2.2639757813983556
-30.9,0.49334291840224354,0.869833759857769,0.5671706185636236,1.149644962232226,1.7631378764515864
-30.8,0.5777216816540927,0.8162344195782797,0.7077869293236497,1.2251382397187633,1.4128545732761477
-30.7,0.6563166206490427,0.7544781400106431,0.8698871383483966,1.3254194481842687,1.1495744170889122
-30.6,0.7283603288247034,0.6851810869842959,1.0629992905315506,1.4594681887693721,0.940734400208256
-30.5,0.7931259987316653,0.6090342896162914,1.3022000663612763,1.6419436755031116,0.7679311542306163
-30.4,0.8499658986335803,0.5267965107643565,1.6133411014491814,1.8982661797608489,0.6198317262863702
-30.3,0.898310930286779,0.439347391974097,2.044654174355845,2.276103189111358,0.4890802623456084
-30.2,0.9376759430365781,0.3474718008561115,2.6985933372625484,2.8779313818737804,0.3705634288026515
-30.1,0.9676966398073303,0.2521253836592037,3.838247101288434,3.9662805287058833,0.2605355970084149
-30.0,0.9880327583936728,0.15426138832924943,6.405369362182937,6.482503566385902,0.15611902194180446
-29.9,0.998497429106084,0.054858514412847864,18.206716166960042,18.22871090664825,0.05492478659137404
-29.8,0.998986638228182,-0.045131925742602295,-22.143119302538338,-22.157264143861905,-0.045160755643192815
-29.7,0.9894964194591286,-0.14463170479886878,-6.841953243951976,-6.914113343202613,-0.14615709350015824
-29.6,0.9701231033976205,-0.24268892757044003,-3.997427373777847,-4.12050112879481,-0.2501608926180266
-29.5,0.9410626583953909,-0.33832292850066265,-2.781438614306115,-2.9557559235836464,-0.35952618003380593
-29.4,0.9025531775700916,-0.43057756201423936,-2.096137532424327,-2.322461940009149,-0.4770679330584913
-29.3,0.8550571014742603,-0.5184915117228363,-1.6489935553270425,-1.9286718825486924,-0.6064305083361418
-29.2,0.7990166050712992,-0.6012796716604518,-1.328795314936396,-1.6631195883247973,-0.7525613529483778
-29.1,0.7349909857491801,-0.6780540814030972,-1.0839618748485453,-1.4748086139835632,-0.9225416716244962
-29.0,0.6636189621682934,-0.7480497911493198,-0.887143353375909,-1.3368094100575558,-1.1272135401732197
-28.9,0.5856121162395258,-0.8105688487305815,-0.7225083900732674,-1.2337014944086284,-1.3840669724244905
-28.8,0.5017475348433122,-0.8649875059035818,-0.5801152800750733,-1.156086062717613,-1.723795311632869
-28.7,0.4129299513183444,-0.9107626151094833,-0.4533910946157862,-1.0979809485041163,-2.205601327144333
-28.6,0.3199440854023592,-0.9474657620408433,-0.3376967155078624,-1.0554471096095313,-2.961236974117735
-28.5,0.2237625855951202,-0.9746607106406406,-0.22957634266011176,-1.0259980617693145,-4.355849511378017
-28.4,0.1253471190407977,-0.9921226376896904,-0.12633138463540183,-1.0079399078410842,-7.9156893822231575
-28.3,0.025682005338992325,-0.999674875059184,-0.025671678998781675,-1.000325230681422,-38.95343191411274
-28.2,-0.07428023283811291,-0.9972405902801261,0.07447092246146685,-1.002767045131104,13.428059797667009
-28.1,-0.17346116903179382,-0.9848432713759463,0.17612022068312172,-1.015389990534106,5.677939739805435
-28.0,-0.27091118955140236,-0.9626062973724299,0.2814295026171322,-1.0388463099915735,3.553287735296322
-27.9,-0.3656557980438334,-0.9307377284795155,0.3928634383790296,-1.0744165293843129,2.545413755288709
-27.8,-0.45674780532730735,-0.8895909217949572,0.5134349165684676,-1.1241121907834521,1.9476665254546395
-27.7,-0.5432429117342503,-0.8395517289046638,0.6471069284000102,-1.1911118345318257,1.5453396588915032
-27.6,-0.6243575460397931,-0.7811220100972861,0.7993335845354627,-1.2802097330165532,1.251042142288011
-27.5,-0.6992285657381064,-0.7148866154149794,0.9781128115661105,-1.3988232237632776,1.0223769571107495
-27.4,-0.7671097961123362,-0.641507884442533,1.195800634812182,-1.5588272946465727,0.8362598002442646
-27.3,-0.8273242454481222,-0.5617245787011995,1.472831650803028,-1.7802318750448236,0.6789642247671502
-27.2,-0.8792710798342541,-0.47631951811693163,1.8459622772658908,-2.099431079275047,0.5417228793435203
-27.1,-0.9224317747125914,-0.3861579128757393,2.388715152252308,-2.589614162125916,0.41863509722249836
-27.0,-0.956399502760718,-0.29213884862045403,3.273704574867929,-3.423029852832744,0.3054643377649136
-26.9,-0.9807761448816029,-0.195201057238356,5.024378860250846,-5.122923072998116,0.19902957715057223
-26.8,-0.9953579153048036,-0.09631284726104798,10.334580492127818,-10.382830831379982,0.09676251501081559
-26.7,-0.9999971989069858,0.003537548134902511,-282.6808740890933,282.68166590687485,-0.0035375580439334117
-26.6,-0.9946464505370909,0.1033525679757206,-9.623819417537534,9.67561831879125,-0.1039088491392196
-26.5,-0.9793584158076833,0.20213512325684957,-4.845067992281768,4.9471857433174415,-0.20639545236372492
-26.4,-0.9542854301553044,0.29889795340810527,-3.1926797064828354,3.3456234430438987,-0.31321651149956226
-26.3,-0.9196666956319242,0.39267454822906406,-2.3420583273847404,2.5466381880616735,-0.4269748487078245
-26.2,-0.8758761800258179,0.4825286521213184,-1.8151796295934783,2.0724157945932253,-0.5509096640887032
-26.1,-0.823330975697776,0.567564363241992,-1.450638956601888,1.76191470917569,-0.6893514030138094
-26.0,-0.7625576908359711,0.6469192064855457,-1.1787525910362824,1.5457880829239892,-0.8483544448635021
-25.9,-0.6941644156762511,0.719815853218817,-0.9643638891421207,1.3892442011776722,-1.0369529710300336
-25.8,-0.6188349501537349,0.7855198855942137,-0.7878030352924938,1.2730422467198788,-1.269352814347462
-25.7,-0.5373259143537905,0.8433742461743869,-0.6371144444961928,1.1857132281855653,-1.5695767199106025
-25.6,-0.45044155623176485,0.8927997868530526,-0.504526953147564,1.120071951993635,-1.9820546628110869
-25.5,-0.35905853249058356,0.9333007018523283,-0.3847190211878742,1.0714660323465879,-2.5992996054948336
-25.4,-0.2640885406891439,0.9644989038774122,-0.27380906253752435,1.0368078138605121,-3.652180065672422
-25.3,-0.1664789134179223,0.9860458608477979,-0.16883485852755814,1.0141516127254004,-5.922947480876851
-25.2,-0.06720806105671172,0.9977411733381373,-0.06736021610880712,1.00226394051105,-14.845558072211313
-25.1,0.03273537901731186,0.9994684959164588,0.03275284068400373,1.00053178673036,30.53170287267307
-25.0,0.13235140680415555,0.9912114351033524,0.1335258795306887,1.0088664886071772,7.4891848944546116
-24.9,0.23064571326165,0.9730539133378974,0.23703659711913375,1.0276922853839296,4.218757829608074
-24.8,0.32663521556867886,0.9451796206196377,0.3455974780424697,1.0579999591447216,2.8935396336344565
-24.7,0.41936147846412075,0.9078182769821702,0.4619480660174446,1.1015420435511238,2.164745506180422
-24.6,0.5078989973720496,0.8614155650409859,0.5896106430413011,1.16087988258306,1.6960345132880377
-24.5,0.591365541839424,0.8064049617345821,0.7333329701911393,1.2400717349865926,1.3636370389011083
-24.4,0.668909653393987,0.7433355096540564,0.8998667499385469,1.3452875411069676,1.1112756417195004
-24.3,0.7397780577348179,0.6728364270968257,1.0994691635685379,1.48624533352754,0.9095298286987044
-24.2,0.8032542656670786,0.5956106524866296,1.34855026010471,1.6789491521433932,0.7415370636036611
-24.1,0.8587033554225042,0.5124275826202795,1.6756186549458183,1.951495262777497,0.5967945015701293
-24.0,0.9055699990546433,0.42418125074571583,2.1348738993634226,2.3574827935982268,0.4684117409923744
-23.9,0.9433836127038967,0.33165675778760845,2.8444899361529816,3.0151654580196907,0.35155687748800607
-23.8,0.9717990293465418,0.23581953834254213,4.121057395522004,4.240530733918407,0.24265616904210394
-23.7,0.9904868120960532,0.13762778662686273,7.197439053064366,7.2659745863036065,0.1389383074489866
-23.6,0.9992786991170566,0.03806353885767974,26.265073507898403,26.27186094648262,0.038073375263894885
-23.5,0.9980874423060281,-0.06192099862852083,-16.122763734114994,-16.14961034461417,-0.06202410557465703
-23.4,0.9869259476439463,-0.16124755688123552,-6.120905296331617,-6.201644349480191,-0.16337452575835806
-23.3,0.9659073698678721,-0.2589653588329076,-3.729881328358392,-3.8615203381129857,-0.2681050446288926
-23.2,0.9352090866993765,-0.3540971905346094,-2.6410926022124444,-2.824083406282378,-0.37863117679489905
-23.1,0.8951857745576104,-0.445691965116337,-2.0085231369771286,-2.24370210429747,-0.49787825770581956
-23.0,0.8462174354888631,-0.5327981576351352,-1.5881371172804615,-1.8768833669368818,-0.629668552619945
-22.9,0.7887929110114806,-0.6146312474503376,-1.2833229595365212,-1.6269918006093569,-0.7792270780857495
-22.8,0.7234852760008682,-0.6903176086139741,-1.0480418473997244,-1.4486085644082136,-0.9541603729670527
-22.7,0.6509459818848665,-0.7591030196690992,-0.8575341523664858,-1.3173442524782872,-1.1661343134152264
-22.6,0.5718981607286024,-0.8203015230756835,-0.6972196945689386,-1.2190639318217344,-1.434268147887385
-22.5,0.48717602128548276,-0.8733024987193855,-0.5578567318585043,-1.1450785970112352,-1.792574944230738
-22.4,0.39755831733199565,-0.9175769199580215,-0.4332717140145339,-1.0898268888953193,-2.3080205045798476
-22.3,0.3039691159672643,-0.9527086700596601,-0.31906897955504765,-1.0496388155440828,-3.13411852632786
-22.2,0.20734398895572365,-0.9782836248002676,-0.21194182629770317,-1.0221984449593196,-4.718275847049437
-22.1,0.10864908337150489,-0.9940889171959068,-0.10928308056593174,-1.0059462314706888,-9.150547320055537
-22.0,0.008871579781683242,-0.9999645941899471,-0.008851626567098198,-1.0000354070636688,-112.973586540245
-21.9,-0.09103603811672586,-0.9958506825293625,0.09140161811250602,-1.0041666060418803,10.940725346558992
-21.8,-0.18999495602923916,-0.9817875219156604,0.19351099235176322,-1.0185503254806125,5.167665091511729
-21.7,-0.28705759818171633,-0.9579151794029294,0.29966399180712094,-1.0439337652247063,3.337070943924591
-21.6,-0.3812533927547262,-0.9244597376378543,0.41240386518738553,-1.0817128743271864,2.4248075355589265
-21.5,-0.47164067091290884,-0.8817862927404474,0.5348692424920943,-1.1340616294818597,1.8696158248710302
-21.4,-0.5572849660417967,-0.8302988384035358,0.6712282481989935,-1.2043856425510104,1.4898061913859415
-21.3,-0.6374046661545099,-0.7705135327484497,0.8272696978286741,-1.297835738761088,1.2087956353589273
-21.2,-0.7111507678841297,-0.7030286657726004,1.0115674150997824,-1.4224171057108177,0.9885648599123358
-21.1,-0.7777882079031451,-0.6285190014075496,1.2375014761922303,-1.5910417946959914,0.8080798441364142
-21.0,-0.836652334238041,-0.5477336022596614,1.527481815691763,-1.825705043244608,0.6546722780769223
-20.9,-0.8871557459229398,-0.46146785956844805,1.9224557746393982,-2.166998154400552,0.5201680128051702
-20.8,-0.9287943016252254,-0.370593550932811,2.506201468856512,-2.6983739935110234,0.3990102202183543
-20.7,-0.9611740745094336,-0.27601712775748144,3.482222803942248,-3.6229635752120277,0.28717289395379675
-20.6,-0.9839183087149744,-0.17868144692953408,5.506490159054905,-5.596551948643925,0.1816038839832655
-20.5,-0.996835888272475,-0.07956354057180623,12.528751094350062,-12.568570890802658,0.07981641525714066
-20.4,-0.9997959705375044,0.020350843302585072,-49.12798726186409,49.1380128642126,-0.02035499632154188
-20.3,-0.9927678833019606,0.12006170469363273,-8.268813822319448,8.329050487428514,-0.12093633034774201
-20.2,-0.9758211923327011,0.2185733727867457,-4.464501690628015,4.57512270250624,-0.2239891636952951
-20.1,-0.9491042459778233,0.3149009762912357,-3.0139768290208497,3.175601459790812,-0.3317875540286983
-20.0,-0.9129356387213503,0.4080825207975378,-2.2371348739396,2.4504847648109154,-0.44700031797322864
-19.9,-0.8676398520414252,0.4971878366995747,-1.7450946865494188,2.0113122771429524,-0.5730348087743612
-19.8,-0.813672007628697,0.581328789616097,-1.399676090644048,1.7201969313448053,-0.7144510124052054
-19.7,-0.7515727782674622,0.6596493101235099,-1.1393520264983517,1.515957016331548,-0.8776918605862037
-19.6,-0.6819634131107821,0.7313856347667825,-0.9324265896037749,1.3672677619910742,-1.0724704884541525
-19.5,-0.6055495857661152,0.7958136741729215,-0.760918799737207,1.2565755433133097,-1.31420067469139
-19.4,-0.5230687902281482,0.8522890513206193,-0.613722292240708,1.1733108602656612,-1.6294014616105716
-19.3,-0.4353661048173601,0.9002462779751667,-0.4836077809692087,1.1108071474054848,-2.067791378368393
-19.2,-0.3433150573959109,0.9392040259377024,-0.3655383153337152,1.0647313814499453,-2.7356913298871506
-19.1,-0.24783422023381993,0.9688029861420219,-0.2558148806092643,1.032201607864785,-3.909076741815563
-19.0,-0.14987656777353056,0.9887057920087615,-0.15158864141882405,1.0114232242619838,-6.596800331741884
-18.9,-0.050422685085092206,0.9987304436323967,-0.05048678089926265,1.001271170189812,-19.807165008110168
-18.8,0.04953563838795501,0.9987773370370793,0.049596401474124224,1.0012241596976437,20.16275314897043
-18.7,0.14899840264561817,0.9888469462925107,0.15068021617221455,1.011278847297153,6.636571312434844
-18.6,0.24697367368665074,0.9690400321849282,0.2548688154340703,1.0319491112717658,3.9235871140095635
-18.5,0.3424807447829672,0.9395569436370425,0.3645318346153123,1.0643314455523913,2.7432446361105676
-18.4,0.43456635631014867,0.9006387004961193,0.48251238576908223,1.1103231511694394,2.0724856594221683
-18.3,0.5223115807354104,0.8527537992966123,0.6125002494429198,1.172671409760757,1.6326523963206845
-18.2,0.6048424461181306,0.7963474691000426,0.7595172506003646,1.2557332556479477,1.3166257898810654
-18.1,0.6813135607896857,0.7319826494346838,0.9307676332201925,1.366152600437057,1.0743820093316772
-18.0,0.7509866156414213,0.6603014284389874,1.1373130060170036,1.5144598465644559,0.8792654218402998
-17.9,0.8131553962511906,0.582018448417218,1.3970510774449125,1.718158595693093,0.7157934424480134
-17.8,0.8671979630349733,0.4979135132579445,1.7415073045842218,2.008380920326517,0.5742152199808006
-17.7,0.9125729041879298,0.40889520065117774,2.2318123474798024,2.445614422491314,0.4480663444349234
-17.6,0.9488243192908536,0.31574797634595014,3.0050447374482196,3.1670828474426935,0.33277374793733205
-17.5,0.97562667518002,0.21944706777174475,4.445984396052979,4.556907550207679,0.22492206695277026
-17.4,0.9926608480394337,0.12095534733615579,8.207649183067621,8.267513772837404,0.1218375661161298
-17.3,0.9997774822293074,0.021257914266080306,47.07314439450255,47.04130365205332,0.021243535201714403
-17.2,0.9969061241719224,-0.07869266656683963,-12.670631351307927,-12.707664432118646,-0.07892266551475155
-17.1,0.9840765547485799,-0.17781788617235103,-5.534444064810839,-5.623731231574444,-0.18068662150878181
-17.0,0.9614187298787199,-0.2751686160656181,-3.49391682513162,-3.6341353686989324,-0.28621173601129696
-16.9,0.9291230857719927,-0.3697713665129989,-2.5126824733654693,-2.704373811931828,-0.3979810463916704
-16.8,0.8875652607944036,-0.4606803756470473,-1.9266335355319661,-2.170702406403687,-0.5190400673285739
-16.7,0.8371384913600229,-0.5469539284670947,-1.5304463349266724,-1.82830755563384,-0.6534041587599427
-16.6,0.778346154999694,-0.6278088958348459,-1.2397522257903946,-1.5928413990856611,-0.8066127885856044
-16.5,0.7117749383851282,-0.7023858660512419,-1.0133660032350735,-1.4237188536009722,-0.9868102904652378
-16.4,2.44955592153876,-0.7699415678611101,-0.8287667788615994,-1.298799859290608,-1.2066120717020148
-16.3,0.5580223190995766,-0.8298022384557255,-0.6725173779595145,-1.2051064141029735,-1.4869504235475681
-16.2,0.47242364588187374,-0.8813705628331859,-0.5360120311386383,-1.134596550156471,-1.8656297655776914
-16.1,0.3820743043144333,-0.9241317878519718,-0.4134434381635753,-1.0820967454483676,-2.418710536178249
-16.0,0.28790824053893804,-0.957682449689772,-0.3006321631525673,-1.0441874551673533,-3.3263240683017394
-15.9,0.19086682445416178,-0.9816300911239756,-0.19443256675762016,-1.018713677425058,-5.143171314744824
-15.8,0.09192041303873184,-0.995774223645569,-0.09229726473692491,-1.0042437093209344,-10.834557262886415
-15.7,-0.007983540243433325,-0.9999716438442882,0.007963409597352417,-1.0000283569598063,125.57435201279469
-15.6,-0.10776619497351712,-0.9941792471778148,0.10838440895172329,-1.0058548323541339,9.226419276276362
-15.5,-0.20647508459700045,-0.9784542085080453,0.21101394779479238,-1.0220202348813112,4.739023227850718
-15.4,-0.303122885063278,-0.9529307311990207,0.31809070573534765,-1.049394218551179,3.14375736847842
-15.3,-0.39674322016595176,-0.9179201984041455,0.4322172517151058,-1.0894193217869643,2.3136512853937306
-15.2,-0.48640020530618583,-0.8737322626851419,0.5566927476863399,-1.1445153655272082,1.796323024066832
-15.1,-0.5711692502580175,-0.8208111511824706,0.695900547870991,-1.2183070351315133,1.4369869416820524
-15.0,-0.6502714390638671,-0.7596871873499498,0.8559940570583519,-1.316331269832711,1.1682324097395358
-14.9,-0.7228718226246084,-0.6909719409421174,1.0461798876553814,-1.4472367700438502,0.9558585591251652
-14.8,-0.7882466646504609,-0.61535241516853,1.2809747729005654,-1.6250850331449895,0.7806554985744627
-14.7,-0.8457438463980288,-0.5335879210011035,1.5850132009587488,-1.874105392273173,0.6309095718541121
-14.6,-0.8947895698321491,-0.4464857914247787,2.0040600001086384,-2.2397129297416267,0.49898705624871054
-14.5,-0.9348942220799848,-0.3549244307432868,2.634025955347892,-2.817501173153363,0.37964698030772587
-14.4,-0.9656770944626634,-0.2598173733893898,3.7166808319981506,-3.848857322182586,0.26905727050616374
-14.3,-0.9867824123233184,-0.16211348313844973,6.0869275731529076,-6.168518377622979,0.1642864956058644
-14.2,-0.9980320994281517,-0.06279171476354145,15.894277139209159,-15.925667960586207,0.06291572691488607
-14.1,-0.9993121129855648,0.037158384199824375,-26.89331451043794,26.911826806632952,-0.037183962564817964
-14.0,-0.9906086557045904,0.1367368137516495,-7.244637552428271,7.313319453357064,-0.1380331304034414
-13.9,-0.972008089281192,0.23494982690758395,-4.1370879139380055,4.256227864314809,-0.24171591728349842
-13.8,-0.9436776845475506,0.33081497607837346,-2.8525845345163083,3.022837756181539,-0.35055928681516274
-13.7,-0.9059463203096086,0.4233751483274675,-2.139819316009752,2.3619714193203687,-0.46732917705629434
-13.6,-0.8591581394036323,0.5117065427750239,-1.6790055775803678,1.9542450924643706,-0.5955906361199289
-13.5,-0.8037829529783659,0.5949290752353213,-1.3510567669943403,1.6808726310854025,-0.7401613495668825
-13.4,-0.7403753575329488,0.6721929072802535,-1.1014328617785734,1.4876681815136674,-0.9079082663152237
-13.3,-0.6695695933840892,0.7427486196310312,-0.9014753790006441,1.3463505331006353,-1.1092926365982154
-13.2,-0.592081605610542,0.8058824331394371,-0.7346997294679801,1.2408757889216526,-1.3611002697988366
-13.1,-0.5086638995521982,0.8609628264867234,-0.5908082020542871,1.16149033295739,-1.6925966777761725
-13.0,-0.4201676073411052,0.9074381205747905,-0.4630261808650514,1.1020035166327142,-2.159705090826061
-12.9,-0.32747453028593526,0.9448415852000007,-0.3465919953307481,1.0583784791694193,-2.8852368591078204
-12.8,-0.23150983263392486,0.9728331709300754,-0.23797485483825587,1.0279254756948222,-4.202124634889132
-12.7,-0.13323168648890923,0.991086207462431,-0.13442996732850773,1.008993962856563,-7.438817548443577
-12.6,-0.03362304686270935,0.9994373794709375,-0.03364197452821713,1.0005629372491154,-29.724771331755584
-12.5,0.0663218866198988,0.9978038566348884,0.06646808414319345,1.0022009770262046,15.04481455860351
-12.4,0.16560311395891522,0.9862029864192228,0.16792154979348775,1.0139900342736463,5.955161807581063
-12.3,0.2632318102259762,0.9647523481153013,0.2728545501109555,1.036535440368253,3.664956291157149
-12.2,0.35822945770747794,0.9336327906438757,0.3836997797794651,1.0710849169193752,2.606204258378149
-12.1,0.44964841377536924,0.893204472697158,0.5034132236151327,1.1195644788705075,1.9864396743866934
-12.0,0.5365766106739027,0.8438509092273587,0.6358664456423005,1.18504345858395,1.5726572881037642
-11.9,0.6181370411275063,0.7860647815261999,0.7863646738854827,1.27215978059522,1.271674622740783
-11.8,0.6935248348172639,0.7204227633961905,0.9626512227428403,1.3880738516448825,1.0387978287200876
-11.7,0.7619828312378194,0.6475796262624479,1.1766326083334786,1.5442116450938574,0.8498829565979377
-11.6,0.8228265865707257,0.56826150718399,1.4478852327810796,1.7597531899626326,0.6906624761129808
-11.5,0.8754473113957676,0.48330630594392304,1.811371230275354,2.069081217649223,0.5520679490134035
-11.4,0.9193176511821103,0.39349356504480704,2.336310474694998,2.541337619806134,0.42802530349933415
-11.3,0.9540195829907895,0.2997499568038198,3.182766476834111,3.3361139086151046,0.31419207386986725
-11.2,0.9791784963635097,0.20301260458122558,4.823423752880293,4.925802523753636,0.20732161452803166
-11.1,0.9945542537605844,0.10424878974463367,9.541377110683893,9.592437499270597,0.10480667396326435
-11.0,0.9999936411786472,0.0044464002363177315,225.95162251958712,224.9010315877785,0.004425726130438885
-10.9,0.995443024025911,-0.09544218075670295,-10.431213570813743,-10.477547684594052,-0.09586612269141659
-10.8,0.9809490563396608,-0.19433800308774454,-5.047792491464249,-5.145673950084252,-0.19810640031082635
-10.7,0.9566584680685195,-0.2912941150490246,-3.284141599396201,-3.4329564118784233,-0.3044935700043667
-10.6,0.9227743854855441,-0.38534102288202887,-2.3946836497507094,-2.5951039225484887,-0.41759169320928957
-10.5,0.8796937891614668,-0.47553855466366246,-1.8498833315944687,-2.1028789152696086,-0.5405746313407077
-10.4,0.8278228332975037,-0.5609548385518026,-1.475650224201425,-1.7826747026225227,-0.6776673656124493
-10.3,0.7676792864277692,-0.6408089022683937,-1.1979610847620668,-1.5605276338392131,-0.8347516565603758
-10.2,0.6998632772494284,-0.7142554490569362,-0.9798521758053235,-1.400059322361972,-1.0205621058892045
-10.1,0.6250511505905566,-0.7805623761610269,-0.8007902405150132,-1.2811275953604302,-1.2487664676793122
-10.0,0.5439884997141441,-0.8390683118123061,-0.6483677600566937,-1.1917980764165639,-1.5423345539459878
-9.9,0.4575377178546943,-0.8891894190886539,-0.5145577129727169,-1.1246197700203382,-1.9434165979609412
-9.8,0.36648229180503866,-0.9304253667132458,-0.3938890112644552,-1.0747772317650028,-2.5387862352133626
-9.7,0.27176600271150014,-0.9623856769737542,-0.2823882448339258,-1.0390844584725376,-3.541223894033217
-9.6,0.17433575479417376,-0.9846991520450242,-0.1770360357718537,-1.0155386017375956,-5.648567511355145
-9.5,0.0751658439074313,-0.9971780733761397,-0.0753640623469884,-1.0028299124290871,-13.268923792826312
-9.4,-0.024794210693763117,-0.9996960176455352,0.0247829589577432,-1.0003040747878347,40.350306906656094
-9.3,-0.12446596710144422,-0.9922267541951638,0.12542916325509706,-1.0078341425203168,7.9726275297412785
-9.2,-0.22289689117821188,-0.9748442720962062,0.22864156484120887,-1.0258048681454541,4.373657959761157
-9.1,-0.3191025053444094,-0.9477019302907039,0.33670759514809784,-1.0551840911553845,2.969935975338361
-9.0,-0.41212089908727206,-0.9111209767425306,0.45232081099509863,-1.09754909120327,2.210820231330979
-8.9,-0.50097890647129,-0.8654311187099439,0.5789288275231649,-1.155493462600064,1.7273280452768378
-8.8,-0.5848918536857841,-0.8110913552174809,0.7211573916855698,-1.232906741721919,1.386659849194207
-8.7,-0.6629542368673637,-0.7486460376962057,0.8855574535100331,-1.3357447306837835,1.1292322096509464
-8.6,-0.7343884226066913,-0.6787198510799763,1.0820320239524743,-1.473361945151308,0.9241870645816695
-8.5,-0.7984822136709653,-0.6020211660425778,1.3263416719504861,-1.6610711656096078,0.7539535408922379
-8.4,-0.8545962141760282,-0.5192915131752716,1.6456951137284794,-1.9257006414092492,0.6076459677481842
-8.3,-0.9021703949249229,-0.4313775397377115,2.091355949057498,-2.318154998537999,0.4781586799945105
-8.2,-0.9407619657753189,-0.3391549786201787,2.7736986226953184,-2.9485045570270247,0.36052943597320547
-8.1,-0.9699072738562365,-0.2435441645495617,3.9824003136474952,-4.106031453677052,0.2511048416134982
-8.0,-0.9893676359401486,-0.14549948092245918,6.799745641298804,-6.872876752961947,0.14706432457214566
-7.9,-0.9989462043341962,-0.04600212391983672,21.7151690693734,-21.738126738291466,0.04605075819604731
-7.8,-0.9985457592781485,0.05395541674304181,-18.506867698448882,18.5338203347111,-0.05403399517919572
-7.7,-0.9881693760106409,0.1533731410661746,-6.442910206711382,6.520046424351044,-0.15520936469956242
-7.6,-0.9679201834792112,0.2512598560966505,-3.8522675230176344,3.9799433762922174,-0.25958737134036325
-7.5,-0.9379840756676506,0.34663545577144966,-2.7059669172622094,2.8848751140429765,-0.36955366808835954
-7.4,-0.8987007311281495,0.4385481138862665,-2.0492637014537918,2.280251512515548,-0.48798014588877875
-7.3,-0.8504334485850614,0.5260806810213963,-1.6165456730589836,1.900849120820175,-0.6186029981495689
-7.2,-0.7936666122719261,0.6083614059205291,-1.3045972419486511,1.6437597623190303,-0.7665200935932684
-7.1,-0.7289685968052105,0.6845464505482041,-1.0648928151207737,1.460821247702288,-0.9390616462057602
-7.0,-0.6569864616708982,0.7539015930435707,-0.8714485653473458,1.3264330639797526,-1.1475146552125146
-6.9,-0.5784464687805854,0.8157233115383558,-0.7091209244586931,1.2259058750130858,-1.4101967175250811
-6.8,-0.49411529785755204,0.8693931115251892,-0.568345080386844,1.1502276550658255,-1.7594944242665922
-6.7,-0.4048503532529903,0.9143732676545026,-0.4427626742539062,1.0936452708915498,-2.2585463006453455
-6.6,-0.31154142698818194,0.9502117630055924,-0.3278652602686717,1.0523969907896358,-3.050033416716801
-6.5,-0.21511999255369432,0.9765883199456593,-0.220277048332571,1.0239729265404725,-4.539737605754618
-6.4,-0.11654902364764841,0.9931864362499491,-0.11734858571741232,1.00686030688838,-8.521619531130138
-6.3,-0.01681390047314886,0.9998617845043513,-0.016816224735985683,1.0001382346018128,-59.46637938657312
-6.2,0.08308936962955395,0.9965483357833836,0.0833775183924805,1.003463619467994,11.993640723303011
-6.1,0.1821625056448775,0.9832803124153499,0.18526206086330482,1.0170039889678861,5.397759235431628
-6.0,0.27941552714441154,0.9601920881326972,0.29100610035234664,1.0414582793998208,3.436354079138589
-5.9,0.3738769050153097,0.9274774761276743,0.40311671632069473,1.0781932992864858,2.4806711295109425
-5.8,0.4646033954820329,0.8855176938953533,0.5246710349909716,1.1292829120116663,1.9059561769351492
-5.7,0.5506900732997578,0.8347094094173786,0.659737929127218,1.1980217171602188,1.5157533860800187
-5.6,0.6312665489025507,0.7755598022442209,0.8139441509728145,1.2893912205175169,1.2285855224892448
-5.5,0.7055400217626632,0.7086591136843082,0.9955840724963455,1.411115698210688,1.0044355144137471
-5.4,0.7727635929570886,0.6346746080050387,1.2175395959959574,1.5756105370959805,0.8213285245823909
-5.3,0.8322650972080059,0.5543437042341313,1.5012562306927801,1.8039349817845904,0.6661088091128409
-5.2,0.883449058922028,0.46851837270790603,1.8856247152181353,2.134388016035055,0.5303282206312812
-5.1,0.9258023171827842,0.37798070008110957,2.4493550149968613,2.64563772643792,0.4082707463300421
-5.0,0.9589246596582796,0.2836672248439243,3.3805159789825994,3.5252574581015024,0.2958128304132318
-4.9,0.9824534900653512,0.1865207991964199,5.267497724471532,5.361332378524326,0.1898434612233888
-4.8,0.9961664963515672,0.08751284316832345,11.38489782186323,11.426894199707188,0.08783565875133537
-4.7,0.9999271189469399,-0.012408594896096123,-80.71302514852594,-80.58930188095759,-0.012389574026742609
-4.6,0.993698562262961,-0.11216479910656679,-8.860200686713567,-8.91545304734963,-0.11286426068199149
-4.5,0.9775443474081497,-0.21080323254880418,-4.637335382933938,-4.7437602730711665,-0.21564107777930921
-4.4,0.9516279470455135,-0.30733729376010144,-3.096253251488612,-3.253754166198167,-0.322970997129909
-4.3,0.9161647797048222,-0.4008017557819256,-2.28582007359324,-2.49499905021398,-0.43747975247589377
-4.2,0.8715735833517246,-0.4902162283923783,-1.7777638533096083,-2.039916147369118,-0.5625044058232654
-4.1,0.8182730922205503,-0.574796944954486,-1.423507451604148,-1.739744806888601,-0.7024901758491687
-4.0,0.756795316594162,-0.653627601694848,-1.1578204521406203,-1.5299231510526985,-0.8636917737557355
-3.9,0.6877536533799067,-0.725923008637777,-0.9474248874763578,-1.3775565564129717,-1.0554926445553756
-3.8,0.6118366003523971,-0.7909624462226469,-0.7735571817638618,-1.2642825266555213,-1.2927292559288304
-3.7,0.5298006545954069,-0.8480971261984124,-0.6247392657581354,-1.17911023290751,-1.600667758231071
-3.6,0.44252244709597804,-0.8967568586381977,-0.4934715791306522,-1.115129469451269,-2.0264591564963026
-3.5,0.3507866900136743,-0.9364903928672749,-0.3745919568259357,-1.0678166136208576,-2.6695714677736047
-3.4,0.25554696928400433,-0.9668170056820241,-0.26431678188896485,-1.03432189765277,-3.783339040576257
-3.3,0.15775545821452056,-0.9874899292663314,-0.15974472791674682,-1.0126685552560148,-6.259987500314651
-3.2,0.05839011958989566,-0.9983000628584732,-0.05847371185562686,-1.001702831848632,-17.10170208570009
-3.1,-0.041597990131105954,-0.9991377894986332,0.04161654361697616,-1.000862954549842,24.028905648764198
-3.0,-0.14113062718531458,-0.9899937532412886,0.1425458833025553,-1.0101073837344432,7.015285021437542
-2.9,-0.2392557289827485,-0.9709587319707396,0.2464052599352329,-1.029909889136396,4.058354924171861
-2.8,-0.33499193858322335,-0.9422049264888025,0.35553651678353193,-1.0613402370188991,2.8126506077260385
-2.7,-0.42738208016353463,-0.9040640106191727,0.47273259766057707,-1.10611636814867,2.115360787364196
-2.6,-0.5154627782493956,-0.8568852168574201,0.6016022479946338,-1.1670174491601635,1.6622278313177443
-2.5,-0.598448910391329,-0.801142203556274,0.7470346341786024,-1.248217851413888,1.3386260211342733
-2.4,-0.6754494830193039,-0.7373932079936765,0.9160146679005261,-1.3561285744966822,1.091685575616344
-2.3,-0.7456973178300313,-0.6662758614052847,1.1192130399147668,-1.5008798275999922,0.8934849437388207
-2.2,-0.8084919649983715,-0.5885088213611659,1.3738023697531885,-1.6992098736720607,0.7279067368180882
-2.1,-0.8632069372306019,-0.5048484020239196,1.7098309620890557,-1.98079264189217,0.5848531358785369
-2.0,-0.9092961359628027,-0.4161473675572018,2.185015524613088,-2.4029948954622293,0.4576626521576203
-1.9,-0.9463286070794175,-0.323289649880806,2.927037825949765,-3.093201407371659,0.3416423221915556
-1.8,-0.9738634021714285,-0.2272021012818463,4.2862643125761055,-4.401367744215934,0.2333033912691646
-1.7,-0.9916732393929041,-0.12884419436515324,7.696630778141068,-7.761312063203498,0.12992698088624247
-1.6,-0.9995779388049383,-0.029199522124279068,34.23263169439291,-34.24713581762735,0.029211893754688856
-1.5,-0.9974971226283482,0.07073718684864636,-14.101453097967473,14.136835864559636,-0.07091467759050561
-1.4,-0.9854507318617285,0.1699659325536228,-5.797930897421618,5.88353198182529,-0.17247532226448356
-1.3,-0.9635586295661733,0.26749884978999294,-3.602103823334719,3.7383338312859156,-0.2776155405410359
-1.2,-0.9320250514285713,0.3623579453249975,-2.572111536267382,2.759702147839214,-0.3887856284223149
-1.1,-0.8912009331150793,0.45359713548779446,-1.964741095987499,2.204599460101547,-0.5089729135519455
-1.0,-0.841468253968254,0.5403062050527063,-1.557391431190707,1.8508023610471973,-0.642099333521726
-0.9,-0.7833258498214286,0.6216098928000288,-1.2601566656105707,1.6087260057839827,-0.7935521251363459
-0.8,-0.7173557231746032,0.6967064461079413,-1.029638418277908,1.4353247419861954,-0.9712147315486938
-0.7,-0.6442175765277778,0.7648413993380755,-0.8422891034472109,1.3074606066897532,-1.187240813050211
-0.6,-0.5646479999999999,0.8253335223602369,-0.6841452391092211,1.211631386473026,-1.461677934501206
-0.5,-0.47942708333333334,0.8775775143296093,-0.5463073922302724,1.1395004813494003,-1.8304712955055402
-0.4,-0.3894186666666667,0.921049743524043,-0.4227987352525671,1.0857176900933538,-2.3651915595315827
-0.3,-0.29552025,0.955336835220497,-0.3093361829095518,1.0467512223258872,-3.232728840817159
-0.2,-0.19866933333333336,0.980067372774328,-0.2027098736803672,1.0203380173438972,-4.933158813846431
-0.1,-0.09983333333333334,0.995005886829898,-0.10033441475547815,1.0050191795206491,-9.966669984940546
0.0,0.0,1.0000035425842861,0.0,0.9999964574282637,Infinity
0.1,0.09983333333333334,0.9950111357969428,0.10033441475547815,1.0050191795206491,9.966669984940546
0.2,0.19866933333333336,0.9800797607705167,0.2027098736803672,1.0203380173438972,4.933158813846431
0.3,0.29552025,0.9553605574264429,0.3093361829095518,1.0467512223258872,3.232728840817159
0.4,0.3894186666666667,0.9210599272342966,0.4227987352525671,1.0857176900933538,2.3651915595315827
0.5,0.47942708333333334,0.8775805356706025,0.5463073922302724,1.1395004813494003,1.8304712955055402
0.6,0.5646479999999999,0.825331881707245,0.6841452391092211,1.211631386473026,1.461677934501206
0.7,0.6442175765277778,0.764835497023764,0.8422891034472109,1.3074606066897532,1.187240813050211
0.8,0.7173557231746032,0.6966950195956843,1.029638418277908,1.4353247419861954,0.9712147315486938
0.9,0.7833258498214286,0.6215900122361228,1.2601566656105707,1.6087260057839827,0.7935521251363459
1.0,0.841468253968254,0.5402689595346454,1.557391431190707,1.8508023610471973,0.642099333521726
1.1,0.8912009331150793,0.4535979912913619,1.964741095987499,2.204599460101547,0.5089729135519455
1.2,0.9320250514285713,0.362360993491635,2.572111536267382,2.759702147839214,0.3887856284223149
1.3,0.9635586295661733,0.2675043302916128,3.602103823334719,3.7383338312859156,0.2776155405410359
1.4,0.9854507318617285,0.1699763185361911,5.797930897421618,5.88353198182529,0.17247532226448356
1.5,0.9974971226283482,0.07075224563875232,14.101453097967473,14.136835864559636,0.07091467759050561
1.6,0.9995779388049383,-0.029217913208567776,-34.23263169439291,-34.24713581762735,-0.029211893754688856
1.7,0.9916732393929041,-0.12885578754872093,-7.696630778141068,-7.761312063203498,-0.12992698088624247
1.8,0.9738634021714285,-0.2272089152857963,-4.2862643125761055,-4.401367744215934,-0.2333033912691646
1.9,0.9463286070794175,-0.32329361364883863,-2.927037825949765,-3.093201407371659,-0.3416423221915556
2.0,0.9092961359628027,-0.4161491922827039,-2.185015524613088,-2.4029948954622293,-0.4576626521576203
2.1,0.8632069372306019,-0.5048050631965888,-1.7098309620890557,-1.98079264189217,-0.5848531358785369
2.2,0.8084919649983715,-0.5884763486477425,-1.3738023697531885,-1.6992098736720607,-0.7279067368180882
2.3,0.7456973178300313,-0.6662613796276884,-1.1192130399147668,-1.5008798275999922,-0.8934849437388207
2.4,0.6754494830193039,-0.737385252443514,-0.9160146679005261,-1.3561285744966822,-1.091685575616344
2.5,0.598448910391329,-0.801138841787856,-0.7470346341786024,-1.248217851413888,-1.3386260211342733
2.6,0.5154627782493956,-0.856886131533789,-0.6016022479946338,-1.1670174491601635,-1.6622278313177443
2.7,0.42738208016353463,-0.9040707435780498,-0.47273259766057707,-1.10611636814867,-2.115360787364196
2.8,0.33499193858322335,-0.9422529644774206,-0.35553651678353193,-1.0613402370188991,-2.8126506077260385
2.9,0.2392557289827485,-0.9709751676174921,-0.2464052599352329,-1.029909889136396,-4.058354924171861
3.0,0.14113062718531458,-0.9900016239543195,-0.1425458833025553,-1.0101073837344432,-7.015285021437542
3.1,0.041597990131105954,-0.9991398687725999,-0.04161654361697616,-1.000862954549842,-24.028905648764198
3.2,-0.05839011958989566,-0.9982971135428966,0.05847371185562686,-1.001702831848632,17.10170208570009
3.3,-0.15775545821452056,-0.9874808734931779,0.15974472791674682,-1.0126685552560148,6.259987500314651
3.4,-0.25554696928400433,-0.9667986854700169,0.26431678188896485,-1.03432189765277,3.783339040576257
3.5,-0.3507866900136743,-0.9364412976886666,0.3745919568259357,-1.0678166136208576,2.6695714677736047
3.6,-0.44252244709597804,-0.8967513095538596,0.4934715791306522,-1.115129469451269,2.0264591564963026
3.7,-0.5298006545954069,-0.8480969815349548,0.6247392657581354,-1.17911023290751,1.600667758231071
3.8,-0.6118366003523971,-0.790966513586395,0.7735571817638618,-1.2642825266555213,1.2927292559288304
3.9,-0.6877536533799067,-0.7259318820074426,0.9474248874763578,-1.3775565564129717,1.0554926445553756
4.0,-0.756795316594162,-0.6536434912382652,1.1578204521406203,-1.5299231510526985,0.8636917737557355
4.1,-0.8182730922205503,-0.5748303218355787,1.423507451604148,-1.739744806888601,0.7024901758491687
4.2,-0.8715735833517246,-0.49026265443666883,1.7777638533096083,-2.039916147369118,0.5625044058232654
4.3,-0.9161647797048222,-0.40079957358722657,2.28582007359324,-2.49499905021398,0.43747975247589377
4.4,-0.9516279470455135,-0.3073329275026599,3.096253251488612,-3.253754166198167,0.322970997129909
4.5,-0.9775443474081497,-0.2107958032964182,4.637335382933938,-4.7437602730711665,0.21564107777930921
4.6,-0.993698562262961,-0.11215237755012,8.860200686713567,-8.91545304734963,0.11286426068199149
4.7,-0.9999271189469399,-0.0123886634604582,80.71302514852594,-80.58930188095759,0.012389574026742609
4.8,-0.9961664963515672,0.08749894043304962,-11.38489782186323,11.426894199707188,-0.08783565875133537
4.9,-0.9824534900653512,0.18651237104500448,-5.267497724471532,5.361332378524326,-0.1898434612233888
5.0,-0.9589246596582796,0.2836622177265607,-3.3805159789825994,3.5252574581015024,-0.2958128304132318
5.1,-0.9258023171827842,0.37797800299029766,-2.4493550149968613,2.64563772643792,-0.4082707463300421
5.2,-0.883449058922028,0.468517967436499,-1.8856247152181353,2.134388016035055,-0.5303282206312812
5.3,-0.8322650972080059,0.5543791127674075,-1.5012562306927801,1.8039349817845904,-0.6661088091128409
5.4,-0.7727635929570886,0.6346927816544329,-1.2175395959959574,1.5756105370959805,-0.8213285245823909
5.5,-0.7055400217626632,0.7086694546986668,-0.9955840724963455,1.411115698210688,-1.0044355144137471
5.6,-0.6312665489025507,0.7755649428134227,-0.8139441509728145,1.2893912205175169,-1.2285855224892448
5.7,-0.5506900732997578,0.8347103432847616,-0.659737929127218,1.1980217171602188,-1.5157533860800187
5.8,-0.4646033954820329,0.8855137114440246,-0.5246710349909716,1.1292829120116663,-1.9059561769351492
5.9,-0.3738769050153097,0.9274656442623836,-0.40311671632069473,1.0781932992864858,-2.4806711295109425
6.0,-0.27941552714441154,0.9601706864773578,-0.29100610035234664,1.0414582793998208,-3.436354079138589
6.1,-0.1821625056448775,0.9832693471940036,-0.18526206086330482,1.0170039889678861,-5.397759235431628
6.2,-0.08308936962955395,0.9965440472625947,-0.0833775183924805,1.003463619467994,-11.993640723303011
6.3,0.01681390047314886,0.999862617821751,0.016816224735985683,1.0001382346018128,59.46637938657312
6.4,0.11654902364764841,0.9931926981657623,0.11734858571741232,1.00686030688838,8.521619531130138
6.5,0.21511999255369432,0.9766022473484549,0.220277048332571,1.0239729265404725,4.539737605754618
6.6,0.31154142698818194,0.9502591390763065,0.3278652602686717,1.0523969907896358,3.050033416716801
6.7,0.4048503532529903,0.9143819572691249,0.4427626742539062,1.0936452708915498,2.2585463006453455
6.8,0.49411529785755204,0.8693952402484325,0.568345080386844,1.1502276550658255,1.7594944242665922
6.9,0.5784464687805854,0.81572097444902,0.7091209244586931,1.2259058750130858,1.4101967175250811
7.0,0.6569864616708982,0.7538948933129006,0.8714485653473458,1.3264330639797526,1.1475146552125146
7.1,0.7289685968052105,0.6845338566088585,1.0648928151207737,1.460821247702288,0.9390616462057602
7.2,0.7936666122719261,0.6083295275851902,1.3045972419486511,1.6437597623190303,0.7665200935932684
7.3,0.8504334485850614,0.5260412364052554,1.6165456730589836,1.900849120820175,0.6186029981495689
7.4,0.8987007311281495,0.4385493813521359,2.0492637014537918,2.280251512515548,0.48798014588877875
7.5,0.9379840756676506,0.3466388633534747,2.7059669172622094,2.8848751140429765,0.36955366808835954
7.6,0.9679201834792112,0.2512658458414172,3.8522675230176344,3.9799433762922174,0.25958737134036325
7.7,0.9881693760106409,0.1533838447115968,6.442910206711382,6.520046424351044,0.15520936469956242
7.8,0.9985457592781485,0.05397174258882482,18.506867698448882,18.5338203347111,0.05403399517919572
7.9,0.9989462043341962,-0.04601908762922899,-21.7151690693734,-21.738126738291466,-0.04605075819604731
8.0,0.9893676359401486,-0.14551042135296194,-6.799745641298804,-6.872876752961947,-0.14706432457214566
8.1,0.9699072738562365,-0.24355040913743134,-3.9824003136474952,-4.106031453677052,-0.2511048416134982
8.2,0.9407619657753189,-0.3391585609088618,-2.7736986226953184,-2.9485045570270247,-0.36052943597320547
8.3,0.9021703949249229,-0.43137899161175475,-2.091355949057498,-2.318154998537999,-0.4781586799945105
8.4,0.8545962141760282,-0.5192509018351434,-1.6456951137284794,-1.9257006414092492,-0.6076459677481842
8.5,0.7984822136709653,-0.6019891956712637,-1.3263416719504861,-1.6610711656096078,-0.7539535408922379
8.6,0.7343884226066913,-0.6787066732134922,-1.0820320239524743,-1.473361945151308,-0.9241870645816695
8.7,0.6629542368673637,-0.7486389457275002,-0.8855574535100331,-1.3357447306837835,-1.1292322096509464
8.8,0.5848918536857841,-0.8110886895377517,-0.7211573916855698,-1.232906741721919,-1.386659849194207
8.9,0.50097890647129,-0.8654328453404597,-0.5789288275231649,-1.155493462600064,-1.7273280452768378
9.0,0.41212089908727206,-0.9111290075626303,-0.45232081099509863,-1.09754909120327,-2.210820231330979
9.1,0.3191025053444094,-0.9477494021950061,-0.33670759514809784,-1.0551840911553845,-2.969935975338361
9.2,0.22289689117821188,-0.9748589729021975,-0.22864156484120887,-1.0258048681454541,-4.373657959761157
9.3,0.12446596710144422,-0.9922335169133553,-0.12542916325509706,-1.0078341425203168,-7.9726275297412785
9.4,0.024794210693763117,-0.9996972480631069,-0.0247829589577432,-1.0003040747878347,-40.350306906656094
9.5,-0.0751658439074313,-0.9971742240837405,0.0753640623469884,-1.0028299124290871,13.268923792826312
9.6,-0.17433575479417376,-0.9846888234505495,0.1770360357718537,-1.0155386017375956,5.648567511355145
9.7,-0.27176600271150014,-0.9623653076592361,0.2823882448339258,-1.0390844584725376,3.541223894033217
9.8,-0.36648229180503866,-0.9304126952973093,0.3938890112644552,-1.0747772317650028,2.5387862352133626
9.9,-0.4575377178546943,-0.88918495414571,0.5145577129727169,-1.1246197700203382,1.9434165979609412
10.0,-0.5439884997141441,-0.8390689048942631,0.6483677600566937,-1.1917980764165639,1.5423345539459878
10.1,-0.6250511505905566,-0.7805671662819889,0.8007902405150132,-1.2811275953604302,1.2487664676793122
10.2,-0.6998632772494284,-0.7142653021886698,0.9798521758053235,-1.400059322361972,1.0205621058892045
10.3,-0.7676792864277692,-0.6408263130218483,1.1979610847620668,-1.5605276338392131,0.8347516565603758
10.4,-0.8278228332975037,-0.5609895052978144,1.475650224201425,-1.7826747026225227,0.6776673656124493
10.5,-0.8796937891614668,-0.4755383796068638,1.8498833315944687,-2.1028789152696086,0.5405746313407077
10.6,-0.9227743854855441,-0.38533849084163835,2.3946836497507094,-2.5951039225484887,0.41759169320928957
10.7,-0.9566584680685195,-0.2912893207792689,3.284141599396201,-3.4329564118784233,0.3044935700043667
10.8,-0.9809490563396608,-0.19432990862564084,5.047792491464249,-5.145673950084252,0.19810640031082635
10.9,-0.995443024025911,-0.09542878456094635,10.431213570813743,-10.477547684594052,0.09586612269141659
11.0,-0.9999936411786472,0.0044256979880370655,-225.95162251958712,224.9010315877785,-0.004425726130438885
11.1,-0.9945542537605844,0.10423592341266325,-9.541377110683893,9.592437499270597,-0.10480667396326435
11.2,-0.9791784963635097,0.20300486677721322,-4.823423752880293,4.925802523753636,-0.20732161452803166
11.3,-0.9540195829907895,0.29974539129234207,-3.182766476834111,3.3361139086151046,-0.31419207386986725
11.4,-0.9193176511821103,0.39349121665951775,-2.336310474694998,2.541337619806134,-0.42802530349933415
11.5,-0.8754473113957676,0.48330640167155975,-1.811371230275354,2.069081217649223,-0.5520679490134035
11.6,-0.8228265865707257,0.5682954476925294,-1.4478852327810796,1.7597531899626326,-0.6906624761129808
11.7,-0.7619828312378194,0.6475962214892653,-1.1766326083334786,1.5442116450938574,-0.8498829565979377
11.8,-0.6935248348172639,0.7204320925716312,-0.9626512227428403,1.3880738516448825,-1.0387978287200876
11.9,-0.6181370411275063,0.7860691885779254,-0.7863646738854827,1.27215978059522,-1.271674622740783
12.0,-0.5365766106739027,0.8438511174023292,-0.6358664456423005,1.18504345858395,-1.5726572881037642
12.1,-0.44964841377536924,0.8931994486484377,-0.5034132236151327,1.1195644788705075,-1.9864396743866934
12.2,-0.35822945770747794,0.933619138153724,-0.3836997797794651,1.0710849169193752,-2.606204258378149
12.3,-0.2632318102259762,0.9647330789203762,-0.2728545501109555,1.036535440368253,-3.664956291157149
12.4,-0.16560311395891522,0.9861933394646263,-0.16792154979348775,1.0139900342736463,-5.955161807581063
12.5,-0.0663218866198988,0.9978004853731048,-0.06646808414319345,1.0022009770262046,-15.04481455860351
12.6,0.03362304686270935,0.9994390546244358,0.03364197452821713,1.0005629372491154,29.724771331755584
12.7,0.13323168648890923,0.9910935444704634,0.13442996732850773,1.008993962856563,7.438817548443577
12.8,0.23150983263392486,0.9728487671840347,0.23797485483825587,1.0279254756948222,4.202124634889132
12.9,0.32747453028593526,0.944889293739402,0.3465919953307481,1.0583784791694193,2.8852368591078204
13.0,0.4201676073411052,0.9074454530667844,0.4630261808650514,1.1020035166327142,2.159705090826061
13.1,0.5086638995521982,0.8609641198551425,0.5908082020542871,1.16149033295739,1.6925966777761725
13.2,0.592081605610542,0.805879401741545,0.7346997294679801,1.2408757889216526,1.3611002697988366
13.3,0.6695695933840892,0.7427410793592852,0.9014753790006441,1.3463505331006353,1.1092926365982154
13.4,0.7403753575329488,0.6721790553975692,1.1014328617785734,1.4876681815136674,0.9079082663152237
13.5,0.8037829529783659,0.5948968916539015,1.3510567669943403,1.6808726310854025,0.7401613495668825
13.6,0.8591581394036323,0.5116645403358769,1.6790055775803678,1.9542450924643706,0.5955906361199289
13.7,0.9059463203096086,0.4233767989006139,2.139819316009752,2.3619714193203687,0.46732917705629434
13.8,0.9436776845475506,0.3308187568497375,2.8525845345163083,3.022837756181539,0.35055928681516274
13.9,0.972008089281192,0.23495636577791038,4.1370879139380055,4.256227864314809,0.24171591728349842
14.0,0.9906086557045904,0.13674807372141903,7.244637552428271,7.313319453357064,0.1380331304034414
14.1,0.9993121129855648,0.0371760855380367,26.89331451043794,26.911826806632952,0.037183962564817964
14.2,0.9980320994281517,-0.0628073600659752,-15.894277139209159,-15.925667960586207,-0.06291572691488607
14.3,0.9867824123233184,-0.16212398643894493,-6.0869275731529076,-6.168518377622979,-0.1642864956058644
14.4,0.9656770944626634,-0.25982309034657236,-3.7166808319981506,-3.848857322182586,-0.26905727050616374
14.5,0.9348942220799848,-0.35492764774179286,-2.634025955347892,-2.817501173153363,-0.37964698030772587
14.6,0.8947895698321491,-0.4464868463728523,-2.0040600001086384,-2.2397129297416267,-0.49898705624871054
14.7,0.8457438463980288,-0.5335496788638706,-1.5850132009587488,-1.874105392273173,-0.6309095718541121
14.8,0.7882466646504609,-0.6153316782758255,-1.2809747729005654,-1.6250850331449895,-0.7806554985744627
14.9,0.7228718226246084,-0.6909599722785917,-1.0461798876553814,-1.4472367700438502,-0.9558585591251652
15.0,0.6502714390638671,-0.7596809122893201,-0.8559940570583519,-1.316331269832711,-1.1682324097395358
15.1,0.5711692502580175,-0.8208091799247454,-0.695900547870991,-1.2183070351315133,-1.4369869416820524
15.2,0.48640020530618583,-0.8737348534582379,-0.5566927476863399,-1.1445153655272082,-1.796323024066832
15.3,0.39674322016595176,-0.9179296563980307,-0.4322172517151058,-1.0894193217869643,-2.3136512853937306
15.4,0.303122885063278,-0.952978131653457,-0.31809070573534765,-1.049394218551179,-3.14375736847842
15.5,0.20647508459700045,-0.9784673102456583,-0.21101394779479238,-1.0220202348813112,-4.739023227850718
15.6,0.10776619497351712,-0.9941849687405864,-0.10838440895172329,-1.0058548323541339,-9.226419276276362
15.7,0.007983540243433325,-0.9999720379739909,-0.007963409597352417,-1.0000283569598063,-125.57435201279469
15.8,-0.09192041303873184,-0.9957694355033218,0.09229726473692491,-1.0042437093209344,10.834557262886415
15.9,-0.19086682445416178,-0.9816183907201681,0.19443256675762016,-1.018713677425058,5.143171314744824
16.0,-0.28790824053893804,-0.9576598509882744,0.3006321631525673,-1.0441874551673533,3.3263240683017394
16.1,-0.3820743043144333,-0.9241208438909604,0.4134434381635753,-1.0820967454483676,2.418710536178249
16.2,-0.47242364588187374,-0.8813670955733586,0.5360120311386383,-1.134596550156471,1.8656297655776914
16.3,-0.5580223190995766,-0.8298035461876437,0.6725173779595145,-1.2051064141029735,1.4869504235475681
16.4,-2.44955592153876,-0.7699471054295662,0.8287667788615994,-1.298799859290608,1.2066120717020148
16.5,-0.7117749383851282,-0.7023967687833165,1.0133660032350735,-1.4237188536009722,0.9868102904652378
16.6,-0.778346154999694,-0.6278279513267844,1.2397522257903946,-1.5928413990856611,0.8066127885856044
16.7,-0.8371384913600229,-0.5469902585333052,1.5304463349266724,-1.82830755563384,0.6534041587599427
16.8,-0.8875652607944036,-0.46067972768743265,1.9266335355319661,-2.170702406403687,0.5190400673285739
16.9,-0.9291230857719927,-0.3697684853000274,2.5126824733654693,-2.704373811931828,0.3979810463916704
17.0,-0.9614187298787199,-0.2751633639760472,3.49391682513162,-3.6341353686989324,0.28621173601129696
17.1,-0.9840765547485799,-0.1778075511526228,5.534444064810839,-5.623731231574444,0.18068662150878181
17.2,-0.9969061241719224,-0.07867816948122527,12.670631351307927,-12.707664432118646,0.07892266551475155
17.3,-0.9997774822293074,0.02123880813761791,-47.07314439450255,47.04130365205332,-0.021243535201714403
17.4,-0.9926608480394337,0.12094338170389972,-8.207649183067621,8.267513772837404,-0.1218375661161298
17.5,-0.97562667518002,0.21943996835575083,-4.445984396052979,4.556907550207679,-0.22492206695277026
17.6,-0.9488243192908536,0.31574382486450686,-3.0050447374482196,3.1670828474426935,-0.33277374793733205
17.7,-0.9125729041879298,0.4088932052098456,-2.2318123474798024,2.445614422491314,-0.4480663444349234
17.8,-0.8671979630349733,0.4979582691110278,-1.7415073045842218,2.008380920326517,-0.5742152199808006
17.9,-0.8131553962511906,0.5820513003278196,-1.3970510774449125,1.718158595693093,-0.7157934424480134
18.0,-0.7509866156414213,0.6603165633983747,-1.1373130060170036,1.5144598465644559,-0.8792654218402998
18.1,-0.6813135607896857,0.7319910324261437,-0.9307676332201925,1.366152600437057,-1.0743820093316772
18.2,-0.6048424461181306,0.7963511633738783,-0.7595172506003646,1.2557332556479477,-1.3166257898810654
18.3,-0.5223115807354104,0.8527532539137116,-0.6125002494429198,1.172671409760757,-1.6326523963206845
18.4,-0.43456635631014867,0.9006325415201282,-0.48251238576908223,1.1103231511694394,-2.0724856594221683
18.5,-0.3424807447829672,0.9395084660970275,-0.3645318346153123,1.0643314455523913,-2.7432446361105676
18.6,-0.24697367368665074,0.9690227235765461,-0.2548688154340703,1.0319491112717658,-3.9235871140095635
18.7,-0.14899840264561817,0.9888385245965252,-0.15068021617221455,1.011278847297153,-6.636571312434844
18.8,-0.04953563838795501,0.9987748488930003,-0.049596401474124224,1.0012241596976437,-20.16275314897043
18.9,0.050422685085092206,0.9987329777131339,0.05048678089926265,1.001271170189812,19.807165008110168
19.0,0.14987656777353056,0.9887142762765039,0.15158864141882405,1.0114232242619838,6.596800331741884
19.1,0.24783422023381993,0.9688203942611928,0.2558148806092643,1.032201607864785,3.909076741815563
19.2,0.3433150573959109,0.9392525593194784,0.3655383153337152,1.0647313814499453,2.7356913298871506
19.3,0.4353661048173601,0.9002523744498254,0.4836077809692087,1.1108071474054848,2.067791378368393
19.4,0.5230687902281482,0.8522895560524255,0.613722292240708,1.1733108602656612,1.6294014616105716
19.5,0.6055495857661152,0.7958099426461195,0.760918799737207,1.2565755433133097,1.31420067469139
19.6,0.6819634131107821,0.7313772033127282,0.9324265896037749,1.3672677619910742,1.0724704884541525
19.7,0.7515727782674622,0.6596341008265647,1.1393520264983517,1.515957016331548,0.8776918605862037
19.8,0.813672007628697,0.5812958899117567,1.399676090644048,1.7201969313448053,0.7144510124052054
19.9,0.8676398520414252,0.4971429177888505,1.7450946865494188,2.0113122771429524,0.5730348087743612
20.0,0.9129356387213503,0.40808453510349235,2.2371348739396,2.4504847648109154,0.44700031797322864
20.1,0.9491042459778233,0.3149051490224006,3.0139768290208497,3.175601459790812,0.3317875540286983
20.2,0.9758211923327011,0.2185805046912951,4.464501690628015,4.57512270250624,0.2239891636952951
20.3,0.9927678833019606,0.12007371414488605,8.268813822319448,8.329050487428514,0.12093633034774201
20.4,0.9997959705375044,0.02037003077750234,49.12798726186409,49.1380128642126,0.02035499632154188
20.5,0.996835888272475,-0.07957797657561581,-12.528751094350062,-12.568570890802658,-0.07981641525714066
20.6,0.9839183087149744,-0.1786917806868097,-5.506490159054905,-5.596551948643925,-0.1816038839832655
20.7,0.9611740745094336,-0.27602235485169385,-3.482222803942248,-3.6229635752120277,-0.28717289395379675
20.8,0.9287943016252254,-0.3705964136149265,-2.506201468856512,-2.6983739935110234,-0.3990102202183543
20.9,0.8871557459229398,-0.46146848375624205,-1.9224557746393982,-2.166998154400552,-0.5201680128051702
21.0,0.836652334238041,-0.5476973692385076,-1.527481815691763,-1.825705043244608,-0.6546722780769223
21.1,0.7777882079031451,-0.6285000360514,-1.2375014761922303,-1.5910417946959914,-0.8080798441364142
21.2,0.7111507678841297,-0.7030178203586961,-1.0115674150997824,-1.4224171057108177,-0.9885648599123358
21.3,0.6374046661545099,-0.7705080353992636,-0.8272696978286741,-1.297835738761088,-1.2087956353589273
21.4,0.5572849660417967,-0.830297567985475,-0.6712282481989935,-1.2043856425510104,-1.4898061913859415
21.5,0.47164067091290884,-0.8817898107400984,-0.5348692424920943,-1.1340616294818597,-1.8696158248710302
21.6,0.3812533927547262,-0.9244707686145124,-0.41240386518738553,-1.0817128743271864,-2.4248075355589265
21.7,0.28705759818171633,-0.9579376555701444,-0.29966399180712094,-1.0439337652247063,-3.337070943924591
21.8,0.18999495602923916,-0.9817991471946815,-0.19351099235176322,-1.0185503254806125,-5.167665091511729
21.9,0.09103603811672586,-0.9958554199609925,-0.09140161811250602,-1.0041666060418803,-10.940725346558992
22.0,-0.008871579781683242,-0.9999641560628618,0.008851626567098198,-1.0000354070636688,112.973586540245
22.1,-0.10864908337150489,-0.9940831421500337,0.10928308056593174,-1.0059462314706888,9.150547320055537
22.2,-0.20734398895572365,-0.9782704417788588,0.21194182629770317,-1.0221984449593196,4.718275847049437
22.3,-0.3039691159672643,-0.9526612783007208,0.31906897955504765,-1.0496388155440828,3.13411852632786
22.4,-0.39755831733199565,-0.9175675408452225,0.4332717140145339,-1.0898268888953193,2.3080205045798476
22.5,-0.48717602128548276,-0.8732999550699878,0.5578567318585043,-1.1450785970112352,1.792574944230738
22.6,-0.5718981607286024,-0.8203035311013468,0.6972196945689386,-1.2190639318217344,1.434268147887385
22.7,-0.6509459818848665,-0.7591093368331493,0.8575341523664858,-1.3173442524782872,1.1661343134152264
22.8,-0.7234852760008682,-0.6903296389225041,1.0480418473997244,-1.4486085644082136,0.9541603729670527
22.9,-0.7887929110114806,-0.6146520818406587,1.2833229595365212,-1.6269918006093569,0.7792270780857495
23.0,-0.8462174354888631,-0.5328365159367586,1.5881371172804615,-1.8768833669368818,0.629668552619945
23.1,-0.8951857745576104,-0.4456908884467404,2.0085231369771286,-2.24370210429747,0.49787825770581956
23.2,-0.9352090866993765,-0.3540939545635867,2.6410926022124444,-2.824083406282378,0.37863117679489905
23.3,-0.9659073698678721,-0.25895961498617415,3.729881328358392,-3.8615203381129857,0.2681050446288926
23.4,-0.9869259476439463,-0.16123703667453676,6.120905296331617,-6.201644349480191,0.16337452575835806
23.5,-0.9980874423060281,-0.061905286394534534,16.122763734114994,-16.14961034461417,0.06202410557465703
23.6,-0.9992786991170566,0.03804591290470218,-26.265073507898403,26.27186094648262,-0.038073375263894885
23.7,-0.9904868120960532,0.1376165612231663,-7.197439053064366,7.2659745863036065,-0.1389383074489866
23.8,-0.9717990293465418,0.23581302954006528,-4.121057395522004,4.240530733918407,-0.24265616904210394
23.9,-0.9433836127038967,0.3316529971555381,-2.8444899361529816,3.0151654580196907,-0.35155687748800607
24.0,-0.9055699990546433,0.42417961984764996,-2.1348738993634226,2.3574827935982268,-0.4684117409923744
24.1,-0.8587033554225042,0.5124694409959725,-1.6756186549458183,1.951495262777497,-0.5967945015701293
24.2,-0.8032542656670786,0.5956428094898791,-1.34855026010471,1.6789491521433932,-0.7415370636036611
24.3,-0.7397780577348179,0.6728502101266077,-1.0994691635685379,1.48624533352754,-0.9095298286987044
24.4,-0.668909653393987,0.7433430043277727,-0.8998667499385469,1.3452875411069676,-1.1112756417195004
24.5,-0.591365541839424,0.8064079563820629,-0.7333329701911393,1.2400717349865926,-1.3636370389011083
24.6,-0.5078989973720496,0.8614142288073873,-0.5896106430413011,1.16087988258306,-1.6960345132880377
24.7,-0.41936147846412075,0.9078108759703823,-0.4619480660174446,1.1015420435511238,-2.164745506180422
24.8,-0.32663521556867886,0.9451319419887061,-0.3455974780424697,1.0579999591447216,-2.8935396336344565
24.9,-0.23064571326165,0.9730384086881249,-0.23703659711913375,1.0276922853839296,-4.218757829608074
25.0,-0.13235140680415555,0.9912041565974994,-0.1335258795306887,1.0088664886071772,-7.4891848944546116
25.1,-0.03273537901731186,0.9994668655809023,-0.03275284068400373,1.00053178673036,-30.53170287267307
25.2,0.06720806105671172,0.9977445921173543,0.06736021610880712,1.00226394051105,14.845558072211313
25.3,0.1664789134179223,0.9860555750085598,0.16883485852755814,1.0141516127254004,5.922947480876851
25.4,0.2640885406891439,0.9645182812719802,0.27380906253752435,1.0368078138605121,3.652180065672422
25.5,0.35905853249058356,0.9333142535463987,0.3847190211878742,1.0714660323465879,2.5992996054948336
25.6,0.45044155623176485,0.8928047536662226,0.504526953147564,1.120071951993635,1.9820546628110869
25.7,0.5373259143537905,0.8433739990516058,0.6371144444961928,1.1857132281855653,1.5695767199106025
25.8,0.6188349501537349,0.7855154403827546,0.7878030352924938,1.2730422467198788,1.269352814347462
25.9,0.6941644156762511,0.719806472309375,0.9643638891421207,1.3892442011776722,1.0369529710300336
26.0,0.7625576908359711,0.6469025309300916,1.1787525910362824,1.5457880829239892,0.8483544448635021
26.1,0.823330975697776,0.5675303545755908,1.450638956601888,1.76191470917569,0.6893514030138094
26.2,0.8758761800258179,0.48252858432414053,1.8151796295934783,2.0724157945932253,0.5509096640887032
26.3,0.9196666956319242,0.39267691507808183,2.3420583273847404,2.5466381880616735,0.4269748487078245
26.4,0.9542854301553044,0.2989025415179281,3.1926797064828354,3.3456234430438987,0.31321651149956226
26.5,0.9793584158076833,0.20214289618809084,4.845067992281768,4.9471857433174415,0.20639545236372492
26.6,0.9946464505370909,0.1033654858320224,9.623819417537534,9.67561831879125,0.1039088491392196
26.7,0.9999971989069858,0.0035583380552037767,282.6808740890933,282.68166590687485,0.0035375580439334117
26.8,0.9953579153048036,-0.09632618867877454,-10.334580492127818,-10.382830831379982,-0.09676251501081559
26.9,0.9807761448816029,-0.19520911524562243,-5.024378860250846,-5.122923072998116,-0.19902957715057223
27.0,0.956399502760718,-0.29214361957366897,-3.273704574867929,-3.423029852832744,-0.3054643377649136
27.1,0.9224317747125914,-0.38616042651188354,-2.388715152252308,-2.589614162125916,-0.41863509722249836
27.2,0.8792710798342541,-0.47631966673938414,-1.8459622772658908,-2.099431079275047,-0.5417228793435203
27.3,0.8273242454481222,-0.5616899895196028,-1.472831650803028,-1.7802318750448236,-0.6789642247671502
27.4,0.7671097961123362,-0.6414905570391429,-1.195800634812182,-1.5588272946465727,-0.8362598002442646
27.5,0.6992285657381064,-0.7148768157113178,-0.9781128115661105,-1.3988232237632776,-1.0223769571107495
27.6,0.6243575460397931,-0.78111725870451,-0.7993335845354627,-1.2802097330165532,-1.251042142288011
27.7,0.5432429117342503,-0.8395511741343424,-0.6471069284000102,-1.1911118345318257,-1.5453396588915032
27.8,0.45674780532730735,-0.8895954417272095,-0.5134349165684676,-1.1241121907834521,-1.9476665254546395
27.9,0.3656557980438334,-0.9307504960178583,-0.3928634383790296,-1.0744165293843129,-2.545413755288709
28.0,0.27091118955140236,-0.962626554085346,-0.2814295026171322,-1.0388463099915735,-3.553287735296322
28.1,0.17346116903179382,-0.9848535303644153,-0.17612022068312172,-1.015389990534106,-5.677939739805435
28.2,0.07428023283811291,-0.9972443911424796,-0.07447092246146685,-1.002767045131104,-13.428059797667009
28.3,-0.025682005338992325,-0.9996736001943876,0.025671678998781675,-1.000325230681422,38.95343191411274
28.4,-0.1253471190407977,-0.9921158182068025,0.12633138463540183,-1.0079399078410842,7.9156893822231575
28.5,-0.2237625855951202,-0.9746459217152125,0.22957634266011176,-1.0259980617693145,4.355849511378017
28.6,-0.3199440854023592,-0.9474182725643419,0.3376967155078624,-1.0554471096095313,2.961236974117735
28.7,-0.4129299513183444,-0.9107546559381936,0.4533910946157862,-1.0979809485041163,2.205601327144333
28.8,-0.5017475348433122,-0.864985823373627,0.5801152800750733,-1.156086062717613,1.723795311632869
28.9,-0.5856121162395258,-0.8105715510664581,0.7225083900732674,-1.2337014944086284,1.3840669724244905
29.0,-0.6636189621682934,-0.7480569274991611,0.887143353375909,-1.3368094100575558,1.1272135401732197
29.1,-0.7349909857491801,-0.6780673256948682,1.0839618748485453,-1.4748086139835632,0.9225416716244962
29.2,-0.7990166050712992,-0.6013116582036758,1.328795314936396,-1.6631195883247973,0.7525613529483778
29.3,-0.8550571014742603,-0.5185322581680516,1.6489935553270425,-1.9286718825486924,0.6064305083361418
29.4,-0.9025531775700916,-0.43057608992447116,2.096137532424327,-2.322461940009149,0.4770679330584913
29.5,-0.9410626583953909,-0.33831932651095165,2.781438614306115,-2.9557559235836464,0.35952618003380593
29.6,-0.9701231033976205,-0.24268265398642,3.997427373777847,-4.12050112879481,0.2501608926180266
29.7,-0.9894964194591286,-0.14462073488361205,6.841953243951976,-6.914113343202613,0.14615709350015824
29.8,-0.998986638228182,-0.04511488938447667,22.143119302538338,-22.157264143861905,0.045160755643192815
29.9,-0.998497429106084,0.054842258205689075,-18.206716166960042,18.22871090664825,-0.05492478659137404
30.0,-0.9880327583936728,0.15425070788688514,-6.405369362182937,6.482503566385902,-0.15611902194180446
30.1,-0.9676966398073303,0.25211942177524155,-3.838247101288434,3.9662805287058833,-0.2605355970084149
30.2,-0.9376759430365781,0.3474684125573924,-2.6985933372625484,2.8779313818737804,-0.3705634288026515
30.3,-0.898310930286779,0.4393461454525838,-2.044654174355845,2.276103189111358,-0.4890802623456084
30.4,-0.8499658986335803,0.5268358302345996,-1.6133411014491814,1.8982661797608489,-0.6198317262863702
30.5,-0.7931259987316653,0.6090661636563194,-1.3022000663612763,1.6419436755031116,-0.7679311542306163
30.6,-0.7283603288247034,0.6851936170723967,-1.0629992905315506,1.4594681887693721,-0.940734400208256
30.7,-0.6563166206490427,0.754484796608387,-0.8698871383483966,1.3254194481842687,-1.1495744170889122
30.8,-0.5777216816540927,0.8162367200057704,-0.7077869293236497,1.2251382397187633,-1.4128545732761477
30.9,-0.49334291840224354,0.8698315855141607,-0.5671706185636236,1.149644962232226,-1.7631378764515864
31.0,-0.40403807155184485,0.9147324087562733,-0.44170083806388827,1.0932054101544095,-2.2639757813983556
31.1,-0.3106973473344727,0.9504879530781024,-0.32688194135264603,1.0520387547104972,-3.0592084587541724
31.2,-0.21425254463529347,0.9767790000647999,-0.21934597756614319,1.0237585247806698,-4.559007696863065
31.3,-0.11566688051811741,0.9932895686985841,-0.11644829882756652,1.0067494743485372,-8.587502007914885
31.4,-0.015925862591561264,0.999876343321844,-0.01592783217437817,1.0001228826132802,-62.78318286204823
31.5,0.08397442069397774,0.9964741831502362,0.08427191360615992,1.0035426610832634,11.86634973869757
31.6,0.18303573040063842,0.9831182018050326,0.18618085298854062,1.0171831072600848,5.371121594665536
31.7,0.28026819935578423,0.9599436593569562,0.2919697209621415,1.0417511570461941,3.4250126920855117
31.8,0.37470050775638103,0.9271450435748014,0.4041495506410569,1.0785935494483587,2.4743315894173645
31.9,0.4653897081421309,0.8851046948058223,0.5258042095680011,1.1298148634765666,1.9018486003023758
32.0,0.5514312603991587,0.8342199670076429,0.6610134496528136,1.1987232083548038,1.5128285219086441
32.1,0.6319551229917125,0.774998801507118,0.815421775944519,1.2903159516838214,1.2263592039122089
32.2,0.7061691502616307,0.7080321515376269,0.9973541170399145,1.4123445022632324,1.0026529022288877
32.3,0.773326986850808,0.6339879358733085,1.2197467331903953,1.5772716508414169,0.8198423269266554
32.4,0.8327571211950107,0.5536041634730983,1.5041500483767816,1.806228983329875,0.6648272897236283
32.5,0.8838647854084032,0.4677335501861037,1.8896775697194375,2.1379713287777125,0.5291908080109514
32.6,0.9261375719840533,0.3771582966774544,2.4555849581836946,2.651425697937202,0.4072349428055069
32.7,0.959176220883965,0.2828154613259936,3.3915871517311005,3.5359374824841208,0.29484720729926983
32.8,0.9826187610088044,0.18564819159742818,5.293149182370651,5.386778059210263,0.18892344907462602
32.9,0.9962438287090516,0.0866281185920812,11.502089905123032,11.54545661781151,0.0869407219252042
33.0,0.9999157453158675,-0.013296594365034668,-75.31325792354573,-75.3196534857705,-0.013277874674006934
33.1,0.9935986051539759,-0.11304725467486416,-8.790141190120387,-8.846826690889829,-0.11376381543494915
33.2,0.9773568200040438,-0.21167131583925147,-4.617429486360832,-4.724470748696032,-0.21657071384714036
33.3,0.951354745934733,-0.3081823236974272,-3.086876547335247,-3.2448781780998903,-0.32395205466290905
33.4,0.9158084391111079,-0.4016152841757519,-2.2803026099022228,-2.489958491613236,-0.43853828682978135
33.5,0.8711377989817276,-0.49099032544394455,-1.7740745276478118,-2.036508158520279,-0.5636741773897559
33.6,0.8177622144501866,-0.5755235990623279,-1.4208228227431858,-1.737447623353894,-0.7038175231935659
33.7,0.7562144438222719,-0.6542995788271649,-1.1557438240912845,-1.5283149584388722,-0.8652436458280539
33.8,0.687108579926635,-0.7265336123107493,-0.9457409330136088,-1.3763820952995034,-1.0573720192204163
33.9,0.6111337569071371,-0.7915055871167599,-0.7721385441191893,-1.2634085281013379,-1.295104366458926
34.0,0.5290470416320576,-0.8485673849375406,-0.6235051194833994,-1.1784570502143588,-1.6038360692668292
34.1,0.4417258204078152,-0.8971495413035524,-0.4923676357218814,-1.1146483457050278,-2.031002704988635
34.2,0.349954847828809,-0.9368014044603044,-0.3735795342274234,-1.0675179739464942,-2.6768061640957868
34.3,0.2546882271616066,-0.9670434850837085,-0.26336679718226685,-1.034099141646687,-3.796985841415444
34.4,0.15687840262777003,-0.9876295856503797,-0.15883405859375463,-1.0125345760267617,-6.2958789119509415
34.5,0.05750352312263828,-0.9983514829908577,-0.05758256584214514,-1.0016541513957553,-17.36636749986733
34.6,-0.04248528843959324,-0.9991004485128818,0.04250627014264828,-1.0008982329617933,23.525940917517932
34.7,-0.14200979324289018,-0.9898680175381392,0.14345218692384193,-1.0102275958772353,6.970963785521758
34.8,-0.2401179685039386,-0.9707458539500188,0.24734754905019152,-1.0301181990312462,4.042894315468155
34.9,-0.33582862972692507,-0.9419071454351332,0.3565372343971653,-1.0616215838505674,2.8047561475333826
35.0,-0.42818485863389855,-0.9036841309269618,0.4738196809819966,-1.1065731791387727,2.110507520345058
35.1,-0.5162237967125977,-0.8564270601530244,0.6028125174163016,-1.1676405699066688,1.6588905689717144
35.2,-0.5991603220950633,-0.8006103625476224,0.7484194457963118,-1.2490523380344678,1.3361491415231852
35.3,-0.6761042033339896,-0.7367930048014918,0.9176493844954251,-1.3572480398217615,1.089740827919648
35.4,-0.7462888206855932,-0.6656132972013653,1.1212157169154646,-1.5024066817990218,0.8918890316228025
35.5,-0.809014350549037,-0.5877904419824387,1.376370053827748,-1.7013806987033508,0.7265487920337662
35.6,-0.8636549925556406,-0.5040815108080438,1.7133210050607077,-1.9839773279198156,0.5836617872811097
35.7,-0.9096653883815196,-0.4153395970874472,2.1901539058664903,-2.4076576552879017,0.4565889170260709
35.8,-0.9466152199804518,-0.32244905795409756,2.935557250205003,-3.101226747650914,0.3406508253007723
35.9,-0.9740647240899453,-0.22633708209305145,4.30353551006784,-4.418055352456907,0.23236708461230665
36.0,-0.9917872342303607,-0.12796339986342997,7.750499325223787,-7.8140241797702545,0.12902394517286486
36.1,-0.9996034519929455,-0.02831173253462587,35.30698953508448,-35.29801857103864,0.02832300383487247
36.2,-0.9974338896427902,0.07162308995700441,-13.926149936306546,13.959055465531083,-0.07180735555581827
36.3,-0.9852993787609168,0.17084106761145382,-5.767345009818171,5.853038017622824,-0.17339000845235153
36.4,-0.9633206653027517,0.2683545355360957,-3.5897312612150136,3.7263378917235173,-0.2785723852936921
36.5,-0.9317029462576958,0.36318560248563037,-2.565363108782825,2.7533901450378964,-0.38980836536410046
36.6,-0.8907977635701121,0.45438850192177416,-1.9604320087383542,2.200755878233169,-0.5100916509945963
36.7,-0.8409880706202314,0.5410533927464309,-1.5543531967359265,1.8483733044730575,-0.6433544204109826
36.8,-0.7827734631050565,0.6223053638526154,-1.2578607040424732,1.606979234650645,-0.7950005885279916
36.9,-0.7167366590889943,0.6973432932739853,-1.0278103568243409,1.4340373107976645,-0.9729421321358666
37.0,-0.643538023903668,0.7654132567476123,-0.8407719858918898,1.3064937781951795,-1.1893831107362614
37.1,-0.5639146929239389,0.8258346706340638,-0.6828421147431047,1.210898473290045,-1.4644673759998161
37.2,-0.4786474442309134,0.8780029355387347,-0.5451547197131181,1.1389443732266706,-1.8343416352081467
37.3,-0.38860046148054744,0.9213951679670739,-0.4217522242252897,1.0852985692447175,-2.3710604059928433
37.4,-0.29467164394903206,0.9555989293727606,-0.3083633048254354,1.0464382900763303,-3.2429280149468513
37.5,-0.19779880209688505,0.9802434414146802,-0.2017853869151354,1.020141935938229,-4.955760252453606
37.6,-0.09894957787109217,0.9950941735585275,-0.09943740049973507,1.0049247638785934,-10.056578259029049
37.7,8.881569224854502E-4,1.000003170205523,8.881541458809864E-4,0.999996873745626,1125.9306784050086
37.8,0.10071700991329836,0.9949221163628742,0.10123158877773607,1.005109155493006,9.878339479543273
37.9,0.19953970785701042,0.9799029973528764,0.20363469339657894,1.0205221586397375,4.910754564068796
38.0,0.2963686229538714,0.9550978378271833,0.3103095957319375,1.0470393007165126,3.2225880660933703
38.1,0.3902365647378319,0.9207136931574594,0.4238460326444069,1.086125880923419,2.3593473171399664
38.2,0.48020634445822635,0.8771543731958331,0.5474611841486438,1.1400540423227736,1.8266135188289172
38.3,0.5653808621800752,0.8248300452930842,0.6854499487244738,1.2123685016175088,1.4588957251523027
38.4,0.6448966209655701,0.7642629950684271,0.8438084925882372,1.3084399346438587,1.1851030284521933
38.5,0.7179742213609351,0.6960575632860788,1.0314698262233954,1.4366390819272328,0.969490308467269
38.6,0.7838776185577575,0.6208939568967063,1.2624577721955215,1.6105291722938744,0.7921057020869022
38.7,0.8419477733905312,0.5395212388905046,1.5604380813759553,1.8533668366293703,0.6408456778485084
38.8,0.8916033993555487,0.45280628982242055,1.9690652472603594,2.2084541722066042,0.5078551873237013
38.9,0.9323464208361463,0.361533069266912,2.5788908658012595,2.766022165332547,0.38776359762292645
39.0,0.9637958337757595,0.2666484595118229,3.6145558049516873,3.7503335024714795,0.2766591675331365
39.1,0.9856013076615788,0.1691010586731963,5.828833428935285,5.913987109822954,0.17156091560891687
39.2,0.9975595688491332,0.06986635088039958,14.2812030499341,14.316140605427414,0.07002211203800611
39.3,0.9995516372765771,-0.030105601590828077,-33.221675475012816,-33.23662729207753,-0.030100829825760442
39.4,0.9915584625589027,-0.12973644095652065,-7.6434937097533995,-7.708621094426087,-0.13083022476017225
39.5,0.973661312478576,-0.22807372406914783,-4.269124115008436,-4.384677562243884,-0.2342400860364829
39.6,0.94604124839438,-0.3241339299482055,-2.918562580759797,-3.08518199697332,-0.34263442099626573
39.7,0.9089261662302106,-0.41695661534448675,-2.179897047133773,-2.3983414421932876,-0.4587372606953366
39.8,0.8627582009191458,-0.5055717094885535,-1.706351502078992,-1.977789834400761,-0.5860457231593933
39.9,0.807968941575448,-0.5891943011908564,-1.371240942962513,-1.697139550763549,-0.7292664393753724
40.0,0.7451052265632299,-0.6669234896297515,-1.1172143403818473,-1.499389973147723,-0.8950833907647613
